id,sentence,subject_entity,object_entity,label,source
10138,이 기간 크로아티아와 크라이나 공화국 간 유엔의 중재로 수 차례 평화 협상이 있었으나 실패하였다. 가장 큰 논쟁거리는 오쿠차니 인근의 자그레브-슬라본스키브로드 고속도로의 세르비아계 거주 지역을 교통편으로 개방시키는 문제와 크로아티아 내 세르비아계 다수 지역의 추정 영역 문제였다. 고속도로는 1994년 말 개통되었으나 안보 문제로 곧바로 폐쇄되었다.,"{'word': '크로아티아', 'start_idx': 5, 'end_idx': 9, 'type': 'ORG'}","{'word': '자그레브', 'start_idx': 75, 'end_idx': 78, 'type': 'POH'}",no_relation,wikipedia
26201,"빌헬름 푸르트벵글러(Wilhelm Furtwängler, 1886년 1월 25일 – 1954년 11월 30일)는 독일의 지휘자이자 피아니스트 겸 작곡가였다.","{'word': '빌헬름 푸르트벵글러', 'start_idx': 0, 'end_idx': 9, 'type': 'PER'}","{'word': '지휘자', 'start_idx': 67, 'end_idx': 69, 'type': 'POH'}",per:title,wikipedia
24413,"하지만 1981년의 복선 전철화, 1987년의 일본국유철도 분할 민영화, 1997년 JR 도자이 선 직통 운전 개시 등 편리성의 큰 향상과, 2000년대 역 주변에 대규모 상업 시설이 개발됨에 따라서 승강객이 증가하여 현재는 서일본 여객철도 관내 승차 인원수 50위 안에 드는 역이 되었다.","{'word': '서일본 여객철도', 'start_idx': 126, 'end_idx': 133, 'type': 'ORG'}","{'word': '일본국유철도', 'start_idx': 26, 'end_idx': 31, 'type': 'ORG'}",no_relation,wikipedia
15904,"조원흠(趙元欽, 1980년 1월 13일 ~)은 중국의 가수, 배우이면서 대한민국의 가수로, 2017년에 락 그룹 노라조에서 이혁이 탈퇴한 이후 노라조에 새롭게 합류한 멤버로, 2018년 8월 신곡 발표와 함께 정식으로 영입되었다.","{'word': '조원흠', 'start_idx': 0, 'end_idx': 2, 'type': 'PER'}","{'word': '가수, 배우', 'start_idx': 30, 'end_idx': 35, 'type': 'POH'}",per:title,wikipedia
27940,핀란드 방위군의 저격수인 시모 해위해(Simo Häyhä 1925-2002)는 소련과 핀란드의 분쟁인 겨울전쟁에서 무려 542명의 사살기록을 세웠다.,"{'word': '시모 해위해', 'start_idx': 14, 'end_idx': 19, 'type': 'PER'}","{'word': '겨울전쟁', 'start_idx': 57, 'end_idx': 60, 'type': 'POH'}",no_relation,wikipedia
4342,"[[2011년]] [[4월 8일]]부터 [[6월 24일]](1기), [[10월 7일]]부터 [[12월 23일]](2기)까지 [[TV 사이타마]] 및 [[전국 독립UHF방송 협의회|U국 계열]]에서 방영. 주요 스태프는 《[[순정 로맨티카]]》의 TV 시리즈와 거의 동일하다.","{'word': '전국 독립UHF방송 협의회', 'start_idx': 85, 'end_idx': 98, 'type': 'ORG'}","{'word': 'TV 사이타마', 'start_idx': 71, 'end_idx': 77, 'type': 'ORG'}",no_relation,wikipedia
10483,"이에, 최영조 경산시장은 “「청년희망 카페」가 우리 지역 청년들이 서로 소통하며 꿈과 희망을 꽃피울 수 있는 청년 희망 공간이 되기를 바란다.”라며, “경산시는 앞으로도 지역 청년과 함께 2030년 인구 40만 명품 자족 도시를 목표로 지역 주력산업을 고부가가치 산업으로 발전시키고, 신산업을 육성, 국책사업 및 기업유치 등을 통해 양질의 일자리 창출에 최선을 다하여 지역 청년들이 행복한 미래를 꿈꿀 수 있는 환경을 조성하는 데 최선을 다하겠다.”라고 말했다.","{'word': '경산시', 'start_idx': 85, 'end_idx': 87, 'type': 'ORG'}","{'word': '최영조', 'start_idx': 4, 'end_idx': 6, 'type': 'PER'}",org:top_members/employees,wikitree
11458,"5월 5일 미군정청 군정장관 겸 주한미군 부사령관 윌리엄 F. 딘, 민정장관 안재홍, 경비대 총사령관 송호성 준장, 경무부장 조병옥, 제주도 군정장관 맨스필드 대령 등이 비행기편으로 제주도에 착륙했다.","{'word': '미군정', 'start_idx': 6, 'end_idx': 8, 'type': 'ORG'}","{'word': '안재홍', 'start_idx': 43, 'end_idx': 45, 'type': 'PER'}",no_relation,wikipedia
6318,"1949년 《민중일보》가 화재를 당하여 재건이 어렵게 되자, 영국 스코틀랜드의 에든버러대학에 유학하여 일찍이 해외 문물을 접했던 윤보선(尹潽善)에게 판권을 무상으로 양도하였다.","{'word': '에든버러', 'start_idx': 44, 'end_idx': 47, 'type': 'ORG'}","{'word': '스코틀랜드', 'start_idx': 37, 'end_idx': 41, 'type': 'LOC'}",org:place_of_headquarters,wikipedia
24621,"블라디미르 프로프(Vladimir Propp, 1895년 4월 17일~1970년 8월 22일)는 러시아의 민속학자이자 예술 이론가이다.","{'word': '블라디미르 프로프', 'start_idx': 0, 'end_idx': 8, 'type': 'PER'}","{'word': '1970년 8월 22일', 'start_idx': 39, 'end_idx': 50, 'type': 'DAT'}",per:date_of_death,wikipedia
18393,1450년에 명나라 조정에 송환되어 돌아 왔으나 이미 이복동생인 경태제(景泰帝)가 즉위하여 황제가 되었으므로 정통제는 태상황(太上皇)되어 궁에 유폐되었다.,"{'word': '경태제', 'start_idx': 36, 'end_idx': 38, 'type': 'PER'}","{'word': '정통제', 'start_idx': 61, 'end_idx': 63, 'type': 'POH'}",per:siblings,wikipedia
80,"2008년 2월 29일 방송위원회를 개편하여 발족하였으며, 경기도 과천시 관문로 47 정부과천청사에 위치하고 있다.","{'word': '방송위원회', 'start_idx': 13, 'end_idx': 17, 'type': 'ORG'}","{'word': '2008년 2월 29일', 'start_idx': 0, 'end_idx': 11, 'type': 'DAT'}",org:founded,wikipedia
6984,"페예노르트 이적 직후인 2002-03 시즌에는 대한민국 선수로는 2번째로 UEFA 챔피언스리그 본선 무대에 진출하여 데뷔전 상대로 유벤투스를 맞아 맹활약을 펼쳤고, 한 때 에레디비시의 모든 선수들을 대상으로 한 랭킹에서 22위에 오르는 등 뛰어난 활약을 펼쳤다.","{'word': '에레디비시', 'start_idx': 96, 'end_idx': 100, 'type': 'ORG'}","{'word': 'UEFA', 'start_idx': 41, 'end_idx': 44, 'type': 'POH'}",org:member_of,wikipedia
23272,오이레우스 왕은 동생을 설득하여 헤라클레스의 죄를 사면하였으나 헤라클레스는 아내 데이아네이라와 아들 힐로스를 데리고 칼리돈을 떠나 테베로 가게 되었다.,"{'word': '데이아네이라', 'start_idx': 45, 'end_idx': 50, 'type': 'PER'}","{'word': '헤라클레스', 'start_idx': 35, 'end_idx': 39, 'type': 'PER'}",per:spouse,wikipedia
20626,"1816년 8월, 이 도시는 1715년 알제리의 노예 습격에 끌려간 엑수스 경(Tomas Pellew의 후손) 휘하의 영국 함대의 폭격을 받았으나 네덜란드의 지원을 받아 알제리에 정박해 있는 코르사르 함대를 파괴했다.","{'word': '네덜란드', 'start_idx': 82, 'end_idx': 85, 'type': 'ORG'}","{'word': '1816년 8월', 'start_idx': 0, 'end_idx': 7, 'type': 'DAT'}",no_relation,wikipedia
16542,"유로파 클리퍼 탐사선은 제트 추진 연구소, 응용 물리 연구소, SwRI, 텍사스 대학교 오스틴, 애리조나 주립 대학교, 콜로라도 대학교 볼더에서 만들어진 아홉 개의 탐사 기구를 장치할 예정이다.","{'word': '텍사스', 'start_idx': 41, 'end_idx': 43, 'type': 'ORG'}","{'word': '오스틴', 'start_idx': 49, 'end_idx': 51, 'type': 'LOC'}",no_relation,wikipedia
3371,"로타어 마테우스 (그도 또한 한때 보루시아 묀헨글라트바흐의 선수였다.) 가 1992년에 뮌헨으로 복귀한 뒤, 에펜베르크는 ACF 피오렌티나로 이적하였으나, 덴마크의 브라이언 라우드루프와 아르헨티나의 가브리엘 바티스투타를 보유한 피오렌티나는 에펜베르크의 이적 원년에 세리에 A강등을 피할 수 없었다.","{'word': '가브리엘 바티스투타', 'start_idx': 111, 'end_idx': 120, 'type': 'PER'}","{'word': '아르헨티나', 'start_idx': 104, 'end_idx': 108, 'type': 'LOC'}",per:origin,wikipedia
19612,"한 장르에 국한하지 않고 팝 음악부터 록, 알앤비, EDM, 재즈 등 다양한 장르의 음반을 작업하고 있고 그와 함께 작업한 대표적인 뮤지션은 비욘세(Beyonce), 블랙 아이드 피스(The Black Eyed Peas), 케니 지(Kenny G), 크리스티나 아길레라(Christina Aguilera), 마이클 잭슨(Michael Jackson), 머라이어 캐리(Mariah Carey) 등이 있다.","{'word': '비욘세', 'start_idx': 79, 'end_idx': 81, 'type': 'PER'}","{'word': 'Beyonce', 'start_idx': 83, 'end_idx': 89, 'type': 'PER'}",per:alternate_names,wikipedia
15363,코넬 대학교는 1865년에 에즈라 코넬(Ezra Cornell)과 앤드루 딕슨 화이트(Andrew Dickson White)에 의해 인종이나 종교에 상관 없이 입학을 받는 무교파 대학으로 설립되었다.,"{'word': '에즈라 코넬', 'start_idx': 15, 'end_idx': 20, 'type': 'PER'}","{'word': 'Ezra Cornell', 'start_idx': 22, 'end_idx': 33, 'type': 'PER'}",per:alternate_names,wikipedia
29826,"석(昔)씨는 탈해 이사금을 비롯하여 제9대 벌휴 이사금, 제10대 내해 이사금, 제11대 조분 이사금, 제12대 첨해 이사금, 제14대 유례 이사금, 제15대 기림 이사금, 제16대 흘해 이사금 등 8왕이 도합 171년간을 재위하였다.","{'word': '조분 이사금', 'start_idx': 50, 'end_idx': 55, 'type': 'PER'}","{'word': '유례 이사금', 'start_idx': 76, 'end_idx': 81, 'type': 'PER'}",no_relation,wikipedia
20979,"신 씨는 신 회장의 또 다른 자녀인 신영자 전 롯데복지재단 이사장, 신동주 전 롯데홀딩스 부회장, 신동빈 롯데그룹 회장과 함께 유산을 나눠 가지게 됐다.","{'word': '롯데그룹', 'start_idx': 59, 'end_idx': 62, 'type': 'ORG'}","{'word': '신동빈', 'start_idx': 55, 'end_idx': 57, 'type': 'PER'}",org:top_members/employees,wikitree
5584,장군 샤를 드 골은 자신을 자유 프랑스의 지도자로 선언하고 전투를 계속하겠다고 말했다.,"{'word': '자유 프랑스', 'start_idx': 15, 'end_idx': 20, 'type': 'ORG'}","{'word': '샤를 드 골', 'start_idx': 3, 'end_idx': 8, 'type': 'PER'}",org:top_members/employees,wikipedia
28209,조형기(1958년 10월 15일 ~)는 대한민국의 배우이다.,"{'word': '조형기', 'start_idx': 0, 'end_idx': 2, 'type': 'PER'}","{'word': '1958년 10월 15일', 'start_idx': 4, 'end_idx': 16, 'type': 'DAT'}",per:date_of_birth,wikipedia
8746,이강인은 10일 화성종합경기타운 주 경기장에서 열린 스리랑카와 2022년 카타르 월드컵 아시아지역 2차 예선 H조 2차전에서 4-3-3 전술의 중앙 미드필더로 선발 출전해 풀타임 출전하며 1도움을 기록했다.,"{'word': '이강인', 'start_idx': 0, 'end_idx': 2, 'type': 'PER'}","{'word': '중앙 미드필더', 'start_idx': 80, 'end_idx': 86, 'type': 'POH'}",per:title,wikitree
1525,화순군(군수 구충곤)은 맞춤형 방문보건 사업과 연계해 건강 취약 계층을 포함한 전체 주민을 대상으로 신종 코로나바이러스 감염증(코로나19) 예방 활동을 펼치고 있다.,"{'word': '화순군', 'start_idx': 0, 'end_idx': 2, 'type': 'ORG'}","{'word': '구충곤', 'start_idx': 7, 'end_idx': 9, 'type': 'PER'}",org:top_members/employees,wikitree
22131,"중추원 부찬의로 재임하던 중인 1912년에 일본 정부로부터 한국병합기념장을 수여받았고, 1924년 조선총독 사이토 마코토의 관저에서 다이쇼 천황 생일을 맞아 천장절 축하 행사가 열렸을 때 초청 대상자로 선정되기도 했다.","{'word': '사이토 마코토', 'start_idx': 60, 'end_idx': 66, 'type': 'PER'}","{'word': '다이쇼 천황', 'start_idx': 74, 'end_idx': 79, 'type': 'POH'}",no_relation,wikipedia
1391,박양우 문화체육관광부 장관이 여름 휴가철을 맞아 국내 지역 관광 명소에 대한 관심의 확대와 국내 관광활성화를 위해 11일 우리 지역 광주 시티투어 오월버스를 탑승했다.,"{'word': '문화체육관광부', 'start_idx': 4, 'end_idx': 10, 'type': 'ORG'}","{'word': '박양우', 'start_idx': 0, 'end_idx': 2, 'type': 'PER'}",org:top_members/employees,wikitree
15702,부산항만공사는 이달 23일까지 총 9회에 걸쳐 부산항보안공사 및 부산항시설관리센터 직원 740명을 대상으로 안전교육을 실시할 예정이다.,"{'word': '부산항만공사', 'start_idx': 0, 'end_idx': 5, 'type': 'ORG'}","{'word': '부산항보안공사', 'start_idx': 26, 'end_idx': 32, 'type': 'ORG'}",org:members,wikitree
23676,화순군(군수 구충곤)은 군민이 교통난을 겪고 있는 지역의 교통 편익 제공을 위해 추진한 ‘공간아파트∼신라베스트빌 구간 도시계획도로 개설사업’을 준공했다고 밝혔다.,"{'word': '화순군', 'start_idx': 0, 'end_idx': 2, 'type': 'ORG'}","{'word': '구충곤', 'start_idx': 7, 'end_idx': 9, 'type': 'PER'}",org:top_members/employees,wikitree
22152,"모기업은 엔씨소프트, 구단주는 김택진, 대표이사는 황순현, 단장은 김종문이다.","{'word': '엔씨소프트', 'start_idx': 5, 'end_idx': 9, 'type': 'ORG'}","{'word': '김택진', 'start_idx': 17, 'end_idx': 19, 'type': 'PER'}",org:top_members/employees,wikipedia
31635,"이후 새천년민주당은 다른 세력들과 이합집산을 거듭한 끝에 더불어민주당이 되고, 통합진보당은 통합진보당 해산심판사건으로 와해되었으나 다시 결집하여 민중당을 창당하였으며, 남은 NL세력은 민중연합당을 창당하게 된다.","{'word': '새천년민주당', 'start_idx': 3, 'end_idx': 8, 'type': 'ORG'}","{'word': '민중당', 'start_idx': 81, 'end_idx': 83, 'type': 'ORG'}",no_relation,wikipedia
6619,"1972년 가톨릭대학교를 졸업하고 1973년 12월 사제수품 후 동성중학교 교사로 사목의 첫 발을 내디딘 후 교구 교리사목위원회 중고등학생 담당, 사목연수원 중고등학생 담당, 교육국장 등을 거쳐 1995년 9월부터 2002년 11월까지 동성고등학교 교장으로 재임하였다.","{'word': '가톨릭대학교', 'start_idx': 6, 'end_idx': 11, 'type': 'ORG'}","{'word': '동성중학교', 'start_idx': 36, 'end_idx': 40, 'type': 'ORG'}",no_relation,wikipedia
31451,"문 대통령이 참석한 이날 총 1조 원 규모의 효성 증설투자 협약식에는 송하진 전북도지사와 김승수 전주시장, 조현준 효성 회장, 정동영, 안호영, 이용호 등 지역국회의원, 홍남기 경제부총리, 유영민 과학기술정보통신부장관, 성윤모 산업통상자원부장관 등 중앙부처 관계자와 지역 인사 등 300여명이 참석했다.","{'word': '김승수', 'start_idx': 50, 'end_idx': 52, 'type': 'PER'}","{'word': '송하진', 'start_idx': 39, 'end_idx': 41, 'type': 'PER'}",per:colleagues,wikitree
32021,한국디자인진흥원(韓國디자인進興院)은 산업디자인의 연구 및 개발을 촉진하고 산업디자인의 진흥을 위한 사업을 지원함으로써 산업의 경쟁력 강화에 이바지함을 목적으로 설립된 산업통상자원부 산하 공공기관(위탁집행형 준정부기관)이다.,"{'word': '한국디자인진흥원', 'start_idx': 0, 'end_idx': 7, 'type': 'ORG'}","{'word': '산업통상자원부', 'start_idx': 93, 'end_idx': 99, 'type': 'ORG'}",org:member_of,wikipedia
8005,"YTN과 뉴스한국은 여당인 한나라당과 이명박 정부의 복지 정책에 대한 대응으로, 여당의 복지 이슈 선점을 만회하려는 의도라고 분석했다.","{'word': '이명박 정부', 'start_idx': 21, 'end_idx': 26, 'type': 'PER'}","{'word': '한나라당', 'start_idx': 15, 'end_idx': 18, 'type': 'ORG'}",no_relation,wikipedia
20568,"김민주(金珉周, 2001년 2월 5일 ~)는 대한민국의 가수로, 걸그룹 아이즈원의 멤버로 팀 내에서 서브보컬과 서브래퍼를 맡고있다.","{'word': '김민주', 'start_idx': 0, 'end_idx': 2, 'type': 'PER'}","{'word': '대한민국', 'start_idx': 25, 'end_idx': 28, 'type': 'LOC'}",per:origin,wikipedia
27326,오마이걸 소속사 WM엔터테인먼트는 13일 오후 5시 공식 홈페이지에 이 같은 내용의 전체공지를 내놓았다.,"{'word': '오마이걸', 'start_idx': 0, 'end_idx': 3, 'type': 'PER'}","{'word': 'WM엔터테인먼트', 'start_idx': 9, 'end_idx': 16, 'type': 'ORG'}",per:employee_of,wikitree
28262,"1998년 FIFA 월드컵에서, 이탈리아의 지휘봉을 잡았던 체사레 말디니 감독은 ""저는 제 선수단의 선수 5명과 지단을 바꾸고 싶었습니다.""라고 말했다.","{'word': '체사레 말디니', 'start_idx': 33, 'end_idx': 39, 'type': 'PER'}","{'word': '이탈리아', 'start_idx': 18, 'end_idx': 21, 'type': 'ORG'}",no_relation,wikipedia
4633,유튜버 이남수가 올린 유기견 보호소 강아지의 안타까운 사연이 화제다.,"{'word': '이남수', 'start_idx': 4, 'end_idx': 6, 'type': 'PER'}","{'word': '유튜버', 'start_idx': 0, 'end_idx': 2, 'type': 'POH'}",per:title,wikitree
851,"2001년 9월 11일 9.11 테러에서 하이재킹당한 아메리칸 항공 11편에 승무원으로 탑승해 있었으며, 이 날 비행기가 세계 무역 센터의 북쪽 타워에 충돌하여 사망한다.","{'word': '아메리칸 항공', 'start_idx': 30, 'end_idx': 36, 'type': 'ORG'}","{'word': '2001년', 'start_idx': 0, 'end_idx': 4, 'type': 'DAT'}",no_relation,wikipedia
22819,"이어 ""이미 유승호님이 고양이를 돌보고 있는 훌륭한 집사라는 사실을 너무나 잘 알고 있었기에 내심 다행이란 마음도 들었다""며 ""특히 유승호님이 군 전역했을 때 눈시울을 붉히며 '부모님과 고양이 두 마리가 보고싶다'고 했던 기사가 인상적이었다""고 전했다.","{'word': '유승호', 'start_idx': 74, 'end_idx': 76, 'type': 'PER'}","{'word': '부모님', 'start_idx': 99, 'end_idx': 101, 'type': 'POH'}",per:parents,wikitree
6741,1992년 제14대 국회의원 선거에서 통일국민당 후보로 부산직할시 남구 갑 선거구에 출마하였으나 민주자유당 허재홍 후보에 밀려 낙선하였다.,"{'word': '자유당', 'start_idx': 56, 'end_idx': 58, 'type': 'ORG'}","{'word': '국민당', 'start_idx': 23, 'end_idx': 25, 'type': 'ORG'}",no_relation,wikipedia
17501,"신본기(辛本基, 1989년 3월 21일 ~)는 KBO 리그 롯데 자이언츠의 내야수이다.","{'word': '신본기', 'start_idx': 0, 'end_idx': 2, 'type': 'PER'}","{'word': '롯데 자이언츠', 'start_idx': 33, 'end_idx': 39, 'type': 'ORG'}",per:employee_of,wikipedia
24700,진도군(군수 이동진)이 주민 스스로 마을의 문제를 해결하고 마을단위 자치역량을 강화하기 위해 주민자치회 활성화를 추진한다.,"{'word': '진도군', 'start_idx': 0, 'end_idx': 2, 'type': 'ORG'}","{'word': '이동진', 'start_idx': 7, 'end_idx': 9, 'type': 'PER'}",org:top_members/employees,wikitree
2142,"민주당과 유신당의 합당에 즈음해 유신당의 마쓰노 요리히사 대표는 ""민주당이라는 이름을 가진 정당에 합류할 일은 없다""라고 말하며 ""민주당""이라는 당명에 거부감을 드러냈고, 민주당과 유신당의 합당 협의 과정에서도 당명 변경이 그 조건에 포함되어 있었기 때문에 창당에 앞서 당명 결정이 최대의 과제가 되었다.","{'word': '유신당', 'start_idx': 18, 'end_idx': 20, 'type': 'ORG'}","{'word': '마쓰노 요리히사', 'start_idx': 23, 'end_idx': 30, 'type': 'PER'}",org:top_members/employees,wikipedia
7537,"더 부르는 아약스 소속으로 UEFA 챔피언스리그와 UEFA컵에서 우승을 경험한 뒤에 라리가의 FC 바르셀로나로 이적하였지만, 더이상 성공을 이어가지 못하였고, 오히려 금지약물인 난드롤론을 복용한 사실이 드러나, 징계를 받았다.","{'word': '라리가', 'start_idx': 47, 'end_idx': 49, 'type': 'ORG'}","{'word': 'UEFA', 'start_idx': 28, 'end_idx': 31, 'type': 'POH'}",no_relation,wikipedia
28129,부품 기업에서 자율주행 솔루션 제공기업으로 성장한 모빌아이 부스에서는 자율주행 솔루션 상품(ADAS) 개발 현황과 맵핑 기술 현황에 대해 살펴보고 현대자동차와 현대차 그룹내 모빌리티 핵심기업인 현대모비스 부스를 연이어 방문했다.,"{'word': '현대차', 'start_idx': 89, 'end_idx': 91, 'type': 'ORG'}","{'word': '현대자동차', 'start_idx': 82, 'end_idx': 86, 'type': 'ORG'}",org:alternate_names,wikitree
8987,"신지(Shinji, ~)는 대한민국의 드러머 겸 작곡가, 편곡가이다.","{'word': 'Shinji', 'start_idx': 3, 'end_idx': 8, 'type': 'PER'}","{'word': '작곡가', 'start_idx': 27, 'end_idx': 29, 'type': 'POH'}",per:title,wikipedia
13776,히가시스이타 신호장은 일본 오사카부 스이타시에 있는 한큐 전철 교토 본선의 신호장이다.,"{'word': '한큐 전철', 'start_idx': 29, 'end_idx': 33, 'type': 'ORG'}","{'word': '일본 오사카부', 'start_idx': 12, 'end_idx': 18, 'type': 'LOC'}",org:place_of_headquarters,wikipedia
5101,"2015년 10월 발매된 러블리즈의 미니앨범 《Lovelyz8》에 수록한 타이틀곡 는 각종 음원 차트에서 10위권 안에 진입하였고, 2016년 상반기 차트 집계에서는 50위권내에 올랐다.","{'word': '러블리즈', 'start_idx': 14, 'end_idx': 17, 'type': 'PER'}","{'word': 'Lovelyz8', 'start_idx': 26, 'end_idx': 33, 'type': 'POH'}",no_relation,wikipedia
13373,손병두 금융위 부위원장이 8일 서울 종로구 정부서울청사에서 금융리스크 대응반 회의를 비대면 화상회의로 진행하고 있다.,"{'word': '금융위', 'start_idx': 4, 'end_idx': 6, 'type': 'ORG'}","{'word': '손병두', 'start_idx': 0, 'end_idx': 2, 'type': 'PER'}",org:top_members/employees,policy_briefing
27405,중국에서 일본으로 건너온 승려인 감진은 754년에 도다이지에서 고켄 천황과 쇼무 천황을 포함한 황족들이 보살계를 받을 수 있게 하였고 일본 불교에 수계 제도를 정착시켰다.,"{'word': '고켄 천황', 'start_idx': 35, 'end_idx': 39, 'type': 'PER'}","{'word': '쇼무 천황', 'start_idx': 42, 'end_idx': 46, 'type': 'PER'}",no_relation,wikipedia
10498,"소피 필리프 엘리자베트 쥬스틴 드 프랑스(Sophie Philippine Élisabeth Justine de France, 1734년 7월 17일 ~ 1782년 3월 3일)는 프랑스의 공주로, 루이 15세와 마리 레슈친스카 사이에 태어난 여섯 번째 딸이다.","{'word': '루이 15세', 'start_idx': 109, 'end_idx': 114, 'type': 'PER'}","{'word': '마리 레슈친스카', 'start_idx': 117, 'end_idx': 124, 'type': 'PER'}",per:spouse,wikipedia
946,"문종비 인예왕후, 인경현비, 인절현비의 친정아버지 이자연(李子淵)의 손자로, 이호(李顥)의 아들이며, 이자겸(李資謙)과 장경궁주의 아우이다.","{'word': '인절현비', 'start_idx': 16, 'end_idx': 19, 'type': 'PER'}","{'word': '이자연', 'start_idx': 28, 'end_idx': 30, 'type': 'PER'}",per:parents,wikipedia
26515,이후 그는 자신과 같은 유대계 미국인 출신의 서양 고전 음악 연주가였던 유진 이스토민(Eugene Istomin)· 아이작 스턴(Isaac Stern)· 레너드 로즈(Leonard Rose)가 순회 연주 공연하는 트리오 연주 악단 콘서트에 콜라보레이션 게스트로도 참가하여 피아노 연주를 하였고 글렌 굴드(Glenn Gould) 등과 아울러 미국·캐나다·영국·아일랜드·오스트레일리아·뉴질랜드 등지에 연주 공연 여행을 동반하기도 하였다.,"{'word': '글렌 굴드', 'start_idx': 164, 'end_idx': 168, 'type': 'PER'}","{'word': '캐나다', 'start_idx': 193, 'end_idx': 195, 'type': 'LOC'}",no_relation,wikipedia
5352,밴드 이터널의 전 구성원인 드러머 마르틴 로페즈 (전 아몬 아마스 구성원)와 베이시스트 마르틴 멘데스는 오페스의 팬이었다.,"{'word': '마르틴 멘데스', 'start_idx': 49, 'end_idx': 55, 'type': 'PER'}","{'word': '오페스', 'start_idx': 58, 'end_idx': 60, 'type': 'ORG'}",no_relation,wikipedia
21492,자유한국당의 반발 속에 '41'(더불어민주당·바른미래당·정의당·민주평화당대안신당) 협의체에서 마련한 2020년도 예산안·기금운용 수정안이 10일 국회 본회의를 통과했다.,"{'word': '민주평화당', 'start_idx': 35, 'end_idx': 39, 'type': 'ORG'}","{'word': '대안신당', 'start_idx': 40, 'end_idx': 43, 'type': 'ORG'}",no_relation,wikitree
22958,삼성생명 사장에 전영묵 삼성자산운용(56·사진) 대표가 내정됐다.,"{'word': '삼성자산운용', 'start_idx': 13, 'end_idx': 18, 'type': 'ORG'}","{'word': '삼성생명', 'start_idx': 0, 'end_idx': 3, 'type': 'ORG'}",no_relation,wikitree
5009,'파파라치'라는 이름은 이탈리아의 영화감독 페데리코 펠리니가 만든 《달콤한 생활》에 등장한 카메라맨에서 유래했다는 게 정설이다.,"{'word': '페데리코 펠리니', 'start_idx': 24, 'end_idx': 31, 'type': 'PER'}","{'word': '이탈리아', 'start_idx': 13, 'end_idx': 16, 'type': 'LOC'}",per:origin,wikipedia
29849,첫 번째와 두 번째 미즈 마블은 캐럴 댄버스이며 세번째와 네번째는 카말라 칸이 미즈 마블로 등장한다.,"{'word': '카말라 칸', 'start_idx': 37, 'end_idx': 41, 'type': 'PER'}","{'word': '미즈 마블', 'start_idx': 11, 'end_idx': 15, 'type': 'PER'}",no_relation,wikipedia
4279,9일 옹성우 씨 소속사 판타지오가 운영하는 공식 SNS와 팬카페에는 옹성우 사진전 'Oh! Happy Day' 관련 포스터와 공지가 게시됐다.,"{'word': '옹성우', 'start_idx': 3, 'end_idx': 5, 'type': 'PER'}","{'word': '판타지오', 'start_idx': 13, 'end_idx': 16, 'type': 'ORG'}",per:employee_of,wikitree
30847,"2017년 5월 7일, 제25대 대통령 선거에서 국민전선의 마린 르 펜 후보를 누르고 대통령에 당선되어 프랑스 최초의 최연소·비주류 정당 대통령이 되었다.","{'word': '국민전선', 'start_idx': 27, 'end_idx': 30, 'type': 'ORG'}","{'word': '마린 르 펜', 'start_idx': 33, 'end_idx': 38, 'type': 'PER'}",org:top_members/employees,wikipedia
14816,경기 서정대학교(총장 김홍용) 호텔조리과는 지난 15일부터 17일 까지 서울 양재동 AT센터에서 개최된 제 16회 ‘대한민국 향토식문화대전’에 참가했다.,"{'word': '서정대학교', 'start_idx': 3, 'end_idx': 7, 'type': 'ORG'}","{'word': '김홍용', 'start_idx': 12, 'end_idx': 14, 'type': 'PER'}",org:top_members/employees,wikitree
4843,"과학기술방송통신위원회 소속인 이개호 의원(더불어민주당 담양·함평평·영광·장성)이 한수원으로부터 제출받은‘CLP 부식 및 공극 발견 현황’자료에 따르면, 한빛 원전 2호기에서 CLP 부식이 최초 발견된 2016년 6월 이후 전 원전(총 22기)에 대한 확대점검을 실시한 이후 현재까지 ▲CLP 부식이 777개(10기) ▲공극이 295개(8기)가 발견되어 한수원이 조치 중인 것으로 나타났다.","{'word': '이개호', 'start_idx': 16, 'end_idx': 18, 'type': 'PER'}","{'word': '더불어민주당', 'start_idx': 23, 'end_idx': 28, 'type': 'ORG'}",per:employee_of,wikitree
28312,"그는 ""핀란드는 러시아의 침공을 받았지만 헬싱키 중앙광장의 러시아 알렉산더2세의 동상을 철거하지 않는다. 한국 사람 같으면 때려 부셔야 직성이 풀리잖아요""라고 말했다.","{'word': '핀란드', 'start_idx': 4, 'end_idx': 6, 'type': 'ORG'}","{'word': '헬싱키', 'start_idx': 23, 'end_idx': 25, 'type': 'LOC'}",org:place_of_headquarters,wikitree
4683,"이태양(李太陽, 1990년 7월 3일 ~)은 KBO 리그 SK 와이번스의 투수이다.","{'word': '이태양', 'start_idx': 0, 'end_idx': 2, 'type': 'PER'}","{'word': '1990년 7월 3일', 'start_idx': 9, 'end_idx': 19, 'type': 'DAT'}",per:date_of_birth,wikipedia
30724,대림산업은 19일 자사 고급 아파트 브랜드 ‘아크로’를 업그레이드했다고 발표한데 이어 이를 감상할수 있는 전시공간 '아크로 갤러리'를 이날 서울 강남에서 일반에 공개했다.,"{'word': '대림산업', 'start_idx': 0, 'end_idx': 3, 'type': 'ORG'}","{'word': '아크로', 'start_idx': 25, 'end_idx': 27, 'type': 'POH'}",org:product,wikitree
20072,"이어 테어 슈테겐(FC바르셀로나), 다비드 데헤아(맨체스터 유나이티드), 에데르송(맨체스터 시티), 얀 오블락(아틀레티코 마드리드)이 알리송과 경합을 벌였다.","{'word': '다비드 데헤아', 'start_idx': 20, 'end_idx': 26, 'type': 'PER'}","{'word': '아틀레티코 마드리드', 'start_idx': 62, 'end_idx': 71, 'type': 'ORG'}",no_relation,wikitree
20606,"실제로, 1997년 새정치국민회의, 2002년 새천년민주당, 2012년 새누리당 등이 모두 집권여당이 되었다.","{'word': '새정치국민회의', 'start_idx': 11, 'end_idx': 17, 'type': 'ORG'}","{'word': '새천년민주당', 'start_idx': 26, 'end_idx': 31, 'type': 'ORG'}",no_relation,wikipedia
3787,교황 프란치스코의 문장이 새겨진 바티칸 시국의 5번째 유로 주화 시리즈가 2017년 3월에 발행되었다.,"{'word': '바티칸 시', 'start_idx': 18, 'end_idx': 22, 'type': 'ORG'}","{'word': '프란치스코', 'start_idx': 3, 'end_idx': 7, 'type': 'PER'}",org:top_members/employees,wikipedia
20786,보이티와는 자신의 새 이름으로 전임자가 택한 이중의 이름을 그대로 취함으로써 생전에 교황 요한 23세와 교황 바오로 6세의 의지를 이어받고 싶어했던 교황 요한 바오로 1세의 뜻을 이어가겠다는 메시지를 전하였다.,"{'word': '교황 바오로 6세', 'start_idx': 58, 'end_idx': 66, 'type': 'PER'}","{'word': '요한 23세', 'start_idx': 50, 'end_idx': 55, 'type': 'PER'}",no_relation,wikipedia
29248,경남대학교(총장 박재규)는 2월 24일자 전임교원 보직 인사를 발표했다.,"{'word': '경남대학교', 'start_idx': 0, 'end_idx': 4, 'type': 'ORG'}","{'word': '박재규', 'start_idx': 9, 'end_idx': 11, 'type': 'PER'}",org:top_members/employees,wikitree
10315,"정의당은 김종대 수석대변인은 ""대통령의 국정철학 기조는 훌륭하지만 실효성 있는 이행이 관건이다. 정부 초기의 국정철학을 4년차를 맞아서도 반복할 것이 아니라 이제는 행동으로 결과를 만들어야 한다""고 밝혔다.","{'word': '김종대', 'start_idx': 5, 'end_idx': 7, 'type': 'PER'}","{'word': '정의당', 'start_idx': 0, 'end_idx': 2, 'type': 'ORG'}",per:employee_of,wikitree
24669,같은 해 11월 2일부터 안양시 석수도서관이 삼덕공원 주변 공공도서관의 명칭을 공모하여 같은 해 12월 삼덕도서관으로 선정됐다.,"{'word': '석수도서관', 'start_idx': 18, 'end_idx': 22, 'type': 'ORG'}","{'word': '안양시', 'start_idx': 14, 'end_idx': 16, 'type': 'LOC'}",org:place_of_headquarters,wikipedia
25908,"834년 3월 22일 마레 제국 레벨리오 수용구 출신으로 유년 시절부터 전사가 되기 위한 훈련을 받아 여성형 거인의 전사가 되었으며, 그가 11살이었던 854년 때 파라디 섬 왕이 갖고 있는 시조의 거인을 탈환하라는 임무를 받고 베르톨트 후버, 라이너 브라운 셋이서 월 마리아를 함락시켰다.","{'word': '라이너 브라운', 'start_idx': 137, 'end_idx': 143, 'type': 'PER'}","{'word': '마레 제국', 'start_idx': 12, 'end_idx': 16, 'type': 'LOC'}",per:origin,wikipedia
14236,리그 우승으로 2007 AFC 챔피언스리그 티켓을 획득한 성남은 조별 예선과 8강전을 무난하게 통과하였으나 4강에서 일본의 우라와 레드 다이아몬즈에 승부차기 끝에 패하였고 2007 K리그에서도 정규 리그 우승을 거머쥐었으나 6강 플레이오프를 뚫고 올라온 포항 스틸러스와의 챔피언 결정전에서 패하며 무관에 그치고 말았다.,"{'word': '우라와 레드 다이아몬즈', 'start_idx': 69, 'end_idx': 80, 'type': 'ORG'}","{'word': '2007', 'start_idx': 8, 'end_idx': 11, 'type': 'DAT'}",no_relation,wikipedia
31239,지난 16일 이데일리는 장동건·고소영 부부가 이코노미석이 아닌 비즈니스석을 이용했다고 보도했다.,"{'word': '장동건', 'start_idx': 13, 'end_idx': 15, 'type': 'PER'}","{'word': '고소영', 'start_idx': 17, 'end_idx': 19, 'type': 'PER'}",per:spouse,wikitree
17275,계 관계자는 ‘미스터 트롯’ 제작 및 기획과정에서 송가인 측 소속사 포켓돌스튜디오와 TV조선이 이견을 보이며 갈등을 빚었다고 전하고 “당초 알려진 송가인의 TV조선 예능 혹사 출연 때문에 관계가 틀어진 것은 직접적인 이유가 아니다”라고 주장했다.,"{'word': '송가인', 'start_idx': 28, 'end_idx': 30, 'type': 'PER'}","{'word': '포켓돌스튜디오', 'start_idx': 38, 'end_idx': 44, 'type': 'ORG'}",per:employee_of,wikitree
1951,흥인군 이최응의 손자이자 흥선대원군 이하응의 종손이며 고종의 5촌 조카였다.,"{'word': '흥선대원군', 'start_idx': 14, 'end_idx': 18, 'type': 'PER'}","{'word': '이하응', 'start_idx': 20, 'end_idx': 22, 'type': 'PER'}",per:alternate_names,wikipedia
21943,"중세학자 알렉스 울프는 2004년 키나드 1세는 최초의 스코트인의 왕이 아니라 뒤에서 다섯 번째 픽트인의 왕이라고 보아야 한다고 말했는데, 많은 역사학자들의 의견이 이와 같다.","{'word': '픽트인', 'start_idx': 54, 'end_idx': 56, 'type': 'ORG'}","{'word': '스코트인', 'start_idx': 31, 'end_idx': 34, 'type': 'POH'}",no_relation,wikipedia
25288,한편 천주교 의정부교구는 한국천주교회의 제16번째 교구로 2004년 6월 24일 서울대교구에서 분가 신설됐다.,"{'word': '천주교 의정부교구', 'start_idx': 3, 'end_idx': 11, 'type': 'ORG'}","{'word': '2004년 6월 24일', 'start_idx': 32, 'end_idx': 43, 'type': 'DAT'}",org:founded,wikitree
12081,지난달 31일(현지시각) 잉글랜드 프로축구 프리미어리그(EPL) 뉴캐슬은 상호 합의로 기성용 선수와 결별했다고 발표했다.,"{'word': '프리미어리그', 'start_idx': 24, 'end_idx': 29, 'type': 'ORG'}","{'word': '잉글랜드', 'start_idx': 14, 'end_idx': 17, 'type': 'LOC'}",org:place_of_headquarters,wikitree
12453,중국국가박물관은 중화인민공화국 베이징 시 천안문 광장 동쪽에 위치하는 종합박물관이다.,"{'word': '중국국가박물관', 'start_idx': 0, 'end_idx': 6, 'type': 'ORG'}","{'word': '중화인민공화국', 'start_idx': 9, 'end_idx': 15, 'type': 'LOC'}",org:place_of_headquarters,wikipedia
8439,"매체는 “국산 불화수소가 D램ㆍ낸드플래시 공정에 본격 활용될 시기는 연말쯤으로 보인다”면서 “삼성전자ㆍSK하이닉스 같은 반도체 업체 내 소재 개발팀에서 시제품의 성분을 분석하고, 시운전에 들어가는 기간(2~3개월) 등을 감안해야 하기 때문이다”라고 설명했다.","{'word': 'SK하이닉스', 'start_idx': 57, 'end_idx': 62, 'type': 'ORG'}","{'word': '반도체', 'start_idx': 67, 'end_idx': 69, 'type': 'POH'}",org:product,wikitree
2573,방송인 오상진 김소영 부부가 득녀 소식을 전했다.,"{'word': '오상진', 'start_idx': 4, 'end_idx': 6, 'type': 'PER'}","{'word': '김소영', 'start_idx': 8, 'end_idx': 10, 'type': 'PER'}",per:spouse,wikitree
10773,5일(한국시각) 영국 브라이턴의 아멕스 스타디움에서 브라이턴 & 호브 앨비언과 토트넘의 프리미어리그 8라운드 경기가 열렸다.,"{'word': '브라이턴 & 호브 앨비언', 'start_idx': 29, 'end_idx': 41, 'type': 'ORG'}","{'word': '프리미어리그', 'start_idx': 49, 'end_idx': 54, 'type': 'ORG'}",org:member_of,wikitree
3690,"그는 후에 아르헨티노스 주니어스, CR 플라멩구, 아틀레티코 마드리드, 라싱 클루브에서 뛰다가 1991년 벨레스 사르스필드에서 은퇴하였다.","{'word': 'CR 플라멩구', 'start_idx': 19, 'end_idx': 25, 'type': 'ORG'}","{'word': '1991년', 'start_idx': 53, 'end_idx': 57, 'type': 'DAT'}",no_relation,wikipedia
21538,1932년 1월 24일 워버그는 63세의 나이로 뉴욕의 저택에서 사망하여 뉴욕주 슬리피홀로에 있는 슬리피홀로 공동묘지에 안장되었다.,"{'word': '워버그', 'start_idx': 13, 'end_idx': 15, 'type': 'PER'}","{'word': '뉴욕', 'start_idx': 27, 'end_idx': 28, 'type': 'LOC'}",per:place_of_death,wikipedia
3017,"장경왕후가 사망하자 그는 다시 단경왕후의 복권을 주장하였고, 이때는 훈구파 대신들을 임금(왕비)에게 불충한 존재들이라며 신랄하게 비판하였다.","{'word': '단경왕후', 'start_idx': 17, 'end_idx': 20, 'type': 'PER'}","{'word': '장경왕후', 'start_idx': 0, 'end_idx': 3, 'type': 'PER'}",per:other_family,wikipedia
26524,"2017년 5월 TSMC가 타이완 증권거래소에 제출한 보고서에 따르면, 모리스 창 본인과 가족들이 회사의 지분 0.5%를 보유하고 있다.","{'word': 'TSMC', 'start_idx': 9, 'end_idx': 12, 'type': 'ORG'}","{'word': '타이완', 'start_idx': 15, 'end_idx': 17, 'type': 'ORG'}",no_relation,wikipedia
3953,"2010년 11월 10일, 러시아의 드미트리 메드베데프 대통령은 중앙일보와의 서면 인터뷰에서 ""러시아 전문가들의 결과 보고서는 UN안보리에서 천안함 사건에 대한 의사결정을 위한 러시아 내부적 분석의 목적을 위한 것이었므로, 공식적으로 그 어디에도 발표되지 않았으며, 또한 발표될 수도 없습니다.""라고 말하며 세간에 회자되는 천안함 보고서에 대해 인정하지 않음을 재차 확인했다.","{'word': '드미트리 메드베데프', 'start_idx': 20, 'end_idx': 29, 'type': 'PER'}","{'word': '러시아', 'start_idx': 53, 'end_idx': 55, 'type': 'LOC'}",per:origin,wikipedia
16669,"중앙은행의 이름이 마다가스카르 중앙은행(Central Bank of Madagascar)으로 바뀐 1983년에는 10,000프랑 가치를 하는 2000 아리아리 지폐가 새롭게 발행되었으나, 50, 100 프랑 가치의 지폐들은 새로 발행되지 않았다.","{'word': '마다가스카르', 'start_idx': 10, 'end_idx': 15, 'type': 'ORG'}","{'word': '아리아리', 'start_idx': 84, 'end_idx': 87, 'type': 'POH'}",org:product,wikipedia
16861,"타이거 JK (1974년 6월 11일 ~), 또는 Tiger JK는 대한민국의 래퍼이며, 드렁큰 타이거의 전 멤버이다.","{'word': '타이거 JK', 'start_idx': 0, 'end_idx': 5, 'type': 'PER'}","{'word': '1974년 6월 11일', 'start_idx': 8, 'end_idx': 19, 'type': 'DAT'}",per:date_of_birth,wikipedia
30549,이개호 더불어민주당 담양·함평·영광·장성 지역위원장은 환영사를 통해 “유두석 장성군수님의 입당을 당원동지 여러분들과 함께 축하드리고 환영한다”면서 “ 군민들의 큰 사랑과 지지를 받고 있는 군수님 인 만큼 민주당으로서 큰 힘을 얻게 돼 기쁘고 감격스럽다”고 밝혔다.,"{'word': '이개호', 'start_idx': 0, 'end_idx': 2, 'type': 'PER'}","{'word': '더불어민주당', 'start_idx': 4, 'end_idx': 9, 'type': 'ORG'}",per:employee_of,wikitree
19134,"2005년 쿠페는 33세의 나이로 페트르 체흐, 지다, 잔루이지 부폰에 이어 IFFHS 선정 세계 최고 골키퍼 10인에 선정되기도 하였다.","{'word': '페트르 체흐', 'start_idx': 19, 'end_idx': 24, 'type': 'PER'}","{'word': '골키퍼', 'start_idx': 58, 'end_idx': 60, 'type': 'POH'}",per:title,wikipedia
27741,이 자리에서 정문호 소방청장은 박상철 호남대학교 총장에게 “국가단위 긴급구조종합훈련 최적의 장소를 제공해 주고 적극적인 협력과 지원을 아끼지 않으신 호남대학교에 감사드린다.”고 밝혔다.,"{'word': '정문호', 'start_idx': 7, 'end_idx': 9, 'type': 'PER'}","{'word': '소방청장', 'start_idx': 11, 'end_idx': 14, 'type': 'POH'}",per:title,wikitree
31177,목포시(시장 김종식)는 코로나19 여파로 급격히 위축되고 있는 지역경제를 살리기 위한 일환으로 전통시장 장보기를 추진한다.,"{'word': '목포시', 'start_idx': 0, 'end_idx': 2, 'type': 'ORG'}","{'word': '김종식', 'start_idx': 7, 'end_idx': 9, 'type': 'PER'}",org:top_members/employees,wikitree
2316,그 외에 판매 목적으로 엔진을 개발하는 회사로는 크라이엔진의 크라이텍과 토크 게임 엔진의 게러지게임즈가 있다.,"{'word': '크라이엔진', 'start_idx': 27, 'end_idx': 31, 'type': 'ORG'}","{'word': '크라이텍', 'start_idx': 34, 'end_idx': 37, 'type': 'ORG'}",no_relation,wikipedia
29443,"애틀랜타 비트의 감독이었던 제임스 갤러니스는 ""칼리 로이드는 경기에 집중하는 환상적인 미드필더입니다. 대학교 시절부터 칼리 로이드를 알고 있었던 저는 칼리 로이드를 훈련시키고 개인적으로 경기를 향상시킬 기회를 가졌습니다. 칼리 로이드는 자신의 꿈을 이루기 위해서 필드 밖에서 많은 희생을 했고 프로 선수 생활도 많이 할 것입니다.""라고 말했다.","{'word': '칼리 로이드', 'start_idx': 26, 'end_idx': 31, 'type': 'PER'}","{'word': '미드필더', 'start_idx': 48, 'end_idx': 51, 'type': 'POH'}",per:title,wikipedia
20372,"코냑 동맹 전쟁(1526년 ~ 1530년)은 카를 5세의 합스부르크 가문(신성 로마제국과 합스부르크 스페인)과 프랑스, 교황령, 베네치아, 밀라노, 피렌체등이 결성한 동맹인 코냑동맹 사이에 벌어진 전쟁이다.","{'word': '카를 5세', 'start_idx': 25, 'end_idx': 29, 'type': 'PER'}","{'word': '합스부르크 가문', 'start_idx': 32, 'end_idx': 39, 'type': 'ORG'}",per:employee_of,wikipedia
26438,스페인 프로축구 프리메라리가 입성을 앞둔 기성용(31)의 새로운 둥지가 RCD 마요르카로 결정됐다는 스페인 매체의 보도가 나왔다.,"{'word': 'RCD 마요르카', 'start_idx': 40, 'end_idx': 47, 'type': 'ORG'}","{'word': '프리메라리가', 'start_idx': 9, 'end_idx': 14, 'type': 'ORG'}",org:member_of,wikitree
14728,"2002년 제주도교육청(지금의 제주특별자치도교육청) 평생학습관으로 지정되었고, 2005년 어린이자료실을 개설하였다.","{'word': '제주도', 'start_idx': 6, 'end_idx': 8, 'type': 'ORG'}","{'word': '제주특별자치도', 'start_idx': 17, 'end_idx': 23, 'type': 'ORG'}",org:alternate_names,wikipedia
5986,"2003년, 이석원의 정신적 지주이자 언니네이발관의 두 번째 앨범 《후일담》에서 베이스 기타를 맡았던 이상문이 8월에 지병으로 숨을 거두었다.","{'word': '이석원', 'start_idx': 7, 'end_idx': 9, 'type': 'PER'}","{'word': '언니네이발관', 'start_idx': 21, 'end_idx': 26, 'type': 'PER'}",per:employee_of,wikipedia
8760,"1998년 당시 신앙교리성 장관이었던 요제프 라칭거 추기경(훗날의 교황 베네딕토 16세)과 타르치시오 베르토네 추기경이 공동 저술한 ""Ad Tuendam Fidem""을 보면 교황과 공의회가 내린 결정 가운데 무류성을 지닌 것으로 보이는 것들의 목록이 나와 있지만, 거기에서도 ‘이것이 완전히 맞는 것은 아니다’라는 주석이 달렸다.","{'word': '요제프 라칭거', 'start_idx': 21, 'end_idx': 27, 'type': 'PER'}","{'word': '신앙교리성 장관', 'start_idx': 9, 'end_idx': 16, 'type': 'POH'}",per:title,wikipedia
3096,이날 방송에는 '트롯 남신' 노지훈 씨와 연상의 레이싱 모델 이은혜 씨 부부가 아들 이안이와 함께하는 일상이 담겼다.,"{'word': '노지훈', 'start_idx': 16, 'end_idx': 18, 'type': 'PER'}","{'word': '이은혜', 'start_idx': 34, 'end_idx': 36, 'type': 'PER'}",per:spouse,wikitree
20240,"아이유는 '러브 포엠, '이게 공연이지', '포토 유인나' 등을 해시태그로 걸며 인천 콘서트 당시 유인나가 찍어준 사진이라고 밝혔다.","{'word': '아이유', 'start_idx': 0, 'end_idx': 2, 'type': 'PER'}","{'word': '유인나', 'start_idx': 28, 'end_idx': 30, 'type': 'POH'}",no_relation,wikitree
2962,"구자옥(具滋玉, 具家滋玉(구쓰이에 치다마)(구쓰이에 치다마), 1887년 3월 30일 ~ 1950년 11월)은 미 군정 시대 경기도 도지사 직책을 지냈으며 시인 활약을 한 바 있는 일제 강점기의 종교인이자 독립운동가이며 대한민국의 정치가로, 본관은 능성(綾城)이다.","{'word': '구자옥', 'start_idx': 0, 'end_idx': 2, 'type': 'PER'}","{'word': '1887년 3월 30일', 'start_idx': 35, 'end_idx': 46, 'type': 'DAT'}",per:date_of_birth,wikipedia
26701,홍남기 부총리 겸 기획재정부 장관은 12일 “올해 초 신고분에 대한 고가주택 실거래 조사결과 다수의 이상거래 의심사례가 추출돼 불법행위 해당여부를 검토 중”이라며 “8월 중 최종 결과를 발표하고 국세청 통보·과태료 부과 등을 추진할 예정”이라고 말했다.,"{'word': '기획재정부', 'start_idx': 10, 'end_idx': 14, 'type': 'ORG'}","{'word': '홍남기', 'start_idx': 0, 'end_idx': 2, 'type': 'PER'}",org:top_members/employees,policy_briefing
9856,"아랍 연맹에 따르면, 이 공격의 주요 목표는 통합 아랍 사령부라 불리는 것에 대한 효율성과 이집트나 시리아 같은 다른 아랍 국가들이 요르단을 지원할 지에 시험해보기 위한 것이었다.","{'word': '아랍 연맹', 'start_idx': 0, 'end_idx': 4, 'type': 'ORG'}","{'word': '시리아', 'start_idx': 56, 'end_idx': 58, 'type': 'LOC'}",org:members,wikipedia
29126,"올해까지 3년째 광산구 장덕도서관에 기부 릴레이를 이어가고 있는 장덕도서관 운영위원회(위원장 주원), 독서동아리 책갈피(회장 김지강), 봉사동아리 책 숲 지킴이(회장 안성주), 협동조합 어깨동무(대표 유봉순)는 신간도서 구입비로 246만원을 기부했다.","{'word': '장덕도서관', 'start_idx': 36, 'end_idx': 40, 'type': 'ORG'}","{'word': '광산구', 'start_idx': 9, 'end_idx': 11, 'type': 'LOC'}",org:place_of_headquarters,wikitree
3333,지난 3일 방송된 채널A 예능 프로그램 '아빠본색'에서 심진화 씨와 남편인 개그맨 김원효(38) 씨가 산부인과를 방문했다.,"{'word': '김원효', 'start_idx': 46, 'end_idx': 48, 'type': 'PER'}","{'word': '심진화', 'start_idx': 31, 'end_idx': 33, 'type': 'PER'}",per:spouse,wikitree
12313,러시아 최대의 SNS인 VK를 설립한 니콜라이 두로프와 파벨 두로프 형제가 2013년 발표했다.,"{'word': '파벨 두로프', 'start_idx': 31, 'end_idx': 36, 'type': 'PER'}","{'word': '러시아', 'start_idx': 0, 'end_idx': 2, 'type': 'LOC'}",per:origin,wikipedia
26726,"초등학교 고학년부터 고등학교 3학년까지 다양한 연령대의 학생들이 '현충사 청소년 위토지킴이' 1기로 활동하면서 이충무공 묘소 위토 모내기, 벼베기 봉사활동 활동, 서울 광화문 광장과 아산 현충사 일원 그리고 수도권 주요 지하철역 광장에서 홍보캠페인을 진행했다.","{'word': '이충무공', 'start_idx': 62, 'end_idx': 65, 'type': 'PER'}","{'word': '현충사', 'start_idx': 105, 'end_idx': 107, 'type': 'LOC'}",no_relation,wikitree
16898,"한국동서발전㈜(사장 박일준)는 18일(수) 박일준 사장이 서울시 구로구에 위치한 한국동서발전 중소기업협의회 회원사 중 하나인 대윤계기산업㈜(대표 서인호)을 방문하여 기업의 현황과 어려움을 청취하고, 이를 개선하기 위한 지원방안을 함께 고민하는 시간을 가졌다고 밝혔다.","{'word': '한국동서발전', 'start_idx': 0, 'end_idx': 5, 'type': 'ORG'}","{'word': '박일준', 'start_idx': 24, 'end_idx': 26, 'type': 'PER'}",org:top_members/employees,wikitree
32083,"1992년에는 한양공영과 기술제휴를 맺음으로서 대한민국 승강기 시장에 진출하였고, 1995년 티센크루프엘리베이터 중국을 출범함과 동시에 중국 중산시에 엘리베이터 및 에스컬레이터 전용 공장을 설립하여 아시아·태평양 지역으로 진출하였다.","{'word': '티센크루프', 'start_idx': 52, 'end_idx': 56, 'type': 'ORG'}","{'word': '엘리베이터', 'start_idx': 57, 'end_idx': 61, 'type': 'ORG'}",org:product,wikipedia
13501,"유엔사령부는 미국의 제1군단 중 제1기병사단과 제3보병사단, 제25보병사단과 대한민국 육군에서의 제1보병사단과 영연방의 제1사단이 참여하였다.","{'word': '제1보병사단', 'start_idx': 54, 'end_idx': 59, 'type': 'ORG'}","{'word': '제1군단', 'start_idx': 11, 'end_idx': 14, 'type': 'ORG'}",no_relation,wikipedia
1255,'엑시트'의 '짠내 콤비' 조정석과 임윤아는 100만 관객 돌파에 감사인사를 전했다.,"{'word': '엑시트', 'start_idx': 1, 'end_idx': 3, 'type': 'PER'}","{'word': '조정석', 'start_idx': 15, 'end_idx': 17, 'type': 'PER'}",no_relation,wikitree
8606,"아일랜드의 전 미드필더, 리암 브래디는 트라파토니의 스태프가 되기를 기대했으며, 마르코 타르델리는 트라파토니의 수석 코치가 되었다.","{'word': '마르코 타르델리', 'start_idx': 45, 'end_idx': 52, 'type': 'PER'}","{'word': '미드필더', 'start_idx': 8, 'end_idx': 11, 'type': 'POH'}",no_relation,wikipedia
22274,"토론토 교통국(Toronto Transit Commission, TTC) 은 캐나다 온타리오주 토론토에서 지하철, 노면 전차, 시내버스를 운행하는 대중교통 기관이다.","{'word': '토론토', 'start_idx': 0, 'end_idx': 2, 'type': 'ORG'}","{'word': '캐나다', 'start_idx': 43, 'end_idx': 45, 'type': 'LOC'}",org:member_of,wikipedia
9613,지난 24일 방송된 TV조선 예능 프로그램 '아내의 맛'에 신소율 씨와 남자친구 김지철(김영철·31)이 출연했다.,"{'word': '신소율', 'start_idx': 33, 'end_idx': 35, 'type': 'PER'}","{'word': '김지철', 'start_idx': 45, 'end_idx': 47, 'type': 'PER'}",per:colleagues,wikitree
18709,"자유한국당 대전시당·충청남도당은 이날 성명을 통해 “대전·충남혁신도시 지정문제는 대한민국 국가균형발전의 초석이자 100년지 대계를 모색하는 기초로써 더 이상 늦출 수 없는 대전·충남 시도민들의 염원”이라며 “자유한국당은 대전·충남시도민의 간절한 염원인 담긴 혁신도시 지정을 위해 그동안 홍문표의원을 중심으로 관련법을 대표발의하고, 170만 서명운동을 적극적으로 추진하는 등 역사적 소명을 위해 모든 노력을 다해왔다”고 주장했다.","{'word': '홍문표', 'start_idx': 160, 'end_idx': 162, 'type': 'PER'}","{'word': '자유한국당', 'start_idx': 116, 'end_idx': 120, 'type': 'ORG'}",per:employee_of,wikitree
15459,"2012년 1월 21일, 에시엔은 0-0으로 비긴 노리치 시티와의 캐로 로드 원정 경기에서 막판에 교체로 출전했다.","{'word': '노리치 시티', 'start_idx': 28, 'end_idx': 33, 'type': 'ORG'}","{'word': '캐로 로드', 'start_idx': 37, 'end_idx': 41, 'type': 'LOC'}",no_relation,wikipedia
16484,해남군(군수 명현관)은 지난 19일 계곡면 귀농귀촌희망센터에서 귀농인과 지역주민 60여명이 참석한 가운데 해남군귀농협회 창립총회를 가졌다.,"{'word': '해남군', 'start_idx': 0, 'end_idx': 2, 'type': 'ORG'}","{'word': '명현관', 'start_idx': 7, 'end_idx': 9, 'type': 'PER'}",org:top_members/employees,wikitree
28956,"7월에는 4경기에 등판하여 3차례의 완투에 힘입어 4승 무패를 기록, 퍼시픽 리그에서는 최초로 3개월 연속, 일본 프로 야구 타이 기록이자 통산 10번째의 월간 MVP에 선정됐다.","{'word': '퍼시픽 리그', 'start_idx': 39, 'end_idx': 44, 'type': 'ORG'}","{'word': '일본 프로 야구', 'start_idx': 61, 'end_idx': 68, 'type': 'LOC'}",org:member_of,wikipedia
1815,장흥군(군수 정종순)이 코로나19 확산으로 어려움을 겪고 있는 소상공인들을 위해 ‘착한 임대료 운동’을 전개하고 있는 가운데 토요시장 상인이 앞서 동참해 감동을 주고 있다.,"{'word': '장흥군', 'start_idx': 0, 'end_idx': 2, 'type': 'ORG'}","{'word': '정종순', 'start_idx': 7, 'end_idx': 9, 'type': 'PER'}",org:top_members/employees,wikitree
24974,"K리그2 우승과 K리그1 승격을 확정지은 광주FC가 20일 라마다 호텔에서 구단주 이용섭 광주광역시장, 정원주 대표이사, 김동찬 광주시의회 의장, 장휘국 광주시교육감, 선수단 등 100여명이 참석한 가운데 승격보고회를 개최했다.","{'word': '광주FC', 'start_idx': 23, 'end_idx': 26, 'type': 'ORG'}","{'word': '광주광역시', 'start_idx': 50, 'end_idx': 54, 'type': 'POH'}",org:place_of_headquarters,wikitree
363,"광양시는 매년 120개의 생활체육대회와 10개의 전국 규모 체육대회를 개최하여 약 300억 원의 지역 실물경제에 보탬이 되고 있으며, 특히 원드서핑과 아이스하키, 어린이체육 교실 등 타지역보다 차별화된 종목을 운영하고 있다.","{'word': '광양시', 'start_idx': 0, 'end_idx': 2, 'type': 'ORG'}","{'word': '10개', 'start_idx': 22, 'end_idx': 24, 'type': 'NOH'}",no_relation,wikitree
29073,이후 청산리 전투에서 김좌진의 북로군정서군과 함께 일본군을 대파하였다.,"{'word': '김좌진', 'start_idx': 12, 'end_idx': 14, 'type': 'PER'}","{'word': '북로군정서군', 'start_idx': 17, 'end_idx': 22, 'type': 'ORG'}",per:employee_of,wikipedia
20537,"이 시기에 그 유명한 그레노리가 활동하였는데, 스웨덴의 올림픽 우승을 이끈 군나르 그렌, 군나르 노르달, 닐스 리드홀름이 그 주인공들이다.","{'word': '군나르 노르달', 'start_idx': 50, 'end_idx': 56, 'type': 'PER'}","{'word': '스웨덴', 'start_idx': 26, 'end_idx': 28, 'type': 'LOC'}",per:origin,wikipedia
30771,"조 전 장관과 배우자 정경심 동양대 교수(57·구속기소)는 아들과 공모해 2017년 10~11월 아들의 고려대와 연세대 대학원 진학 시 최강욱 청와대 비서관 명의로 된 허위 인턴활동확인서, 서울대 공익인권법센터 허위 인턴활동증명서, 미국 조지워싱턴대 허위 장학증명서 등을 제출해 대학의 입학사정업무를 방해한 혐의를 받는다.","{'word': '청와대', 'start_idx': 80, 'end_idx': 82, 'type': 'ORG'}","{'word': '배우자', 'start_idx': 8, 'end_idx': 10, 'type': 'POH'}",no_relation,wikipedia
30803,"그의 첫번째 아내인 유프로시네와의 사이에서 스베토슬라프는 아들 게오르기 테르테르 2세를 얻었고, 그는 1322년에서 1323년까지 불가리아를 통치하였다.","{'word': '게오르기 테르테르 2세', 'start_idx': 35, 'end_idx': 46, 'type': 'PER'}","{'word': '1323년', 'start_idx': 65, 'end_idx': 69, 'type': 'DAT'}",no_relation,wikipedia
27304,"이는 당시 십육대국 국가들을 전부 마가다 왕국에 합병시키겠다는 의미로 보이는데, 그리스인의 기록에서도 알렉산드로스 대왕의 시대 인도는 파탈리푸트라 한 사람의 왕에 의해 통치되고 있었다는 기록으로 보아 적어도 난다 왕조 당시 마가다 왕국이 북인도 지역에 위치한 십육대국 국가들을 대부분 정복한 것은 확실한 것으로 보이며, 후세의 칼링가 왕국의 전승이나 쿤타라 지방(데칸 고원 서부)의 전승 및 비문에 난다 왕의 지배를 언급하는 부분이 있는 것으로 보아 이들 지역에도 어느 정도 영향력을 지녔던 것으로 추측된다.","{'word': '난다 왕조', 'start_idx': 116, 'end_idx': 120, 'type': 'ORG'}","{'word': '마가다 왕국', 'start_idx': 125, 'end_idx': 130, 'type': 'ORG'}",org:member_of,wikipedia
7060,정종제 광주광역시 행정부시장이 23일 오전 김대중컨벤션센터 중회의실에서 열린 복지협치 전체회의에 참석해 참석자들과 함께 광주형 복지모델 실현을 다짐하는 퍼포먼스를 하고 있다.,"{'word': '정종제', 'start_idx': 0, 'end_idx': 2, 'type': 'PER'}","{'word': '광주광역시 행정부시장', 'start_idx': 4, 'end_idx': 14, 'type': 'ORG'}",per:title,wikitree
12006,리사 디 배나는 2015년 6월 8일에 열린 미국과의 2015년 FIFA 여자 월드컵 조별 예선 경기에서 A매치 100번째 출전 기록을 수립했지만 오스트레일리아는 미국에 1-3으로 패배하고 만다.,"{'word': '리사 디 배나', 'start_idx': 0, 'end_idx': 6, 'type': 'PER'}","{'word': '오스트레일리아', 'start_idx': 82, 'end_idx': 88, 'type': 'ORG'}",per:origin,wikipedia
24646,광주여대(총장 이선재) 대학일자리센터는 지난 10일 교내 잡세미나실에서 ‘MBTI검사와 함께하는 총학생회 간담회’를 실시했다고 11일 밝혔다.,"{'word': '광주여대', 'start_idx': 0, 'end_idx': 3, 'type': 'ORG'}","{'word': '이선재', 'start_idx': 8, 'end_idx': 10, 'type': 'PER'}",org:top_members/employees,wikitree
9819,"호세 로드리게스 마르티네스(1994년 12월 16일, 발렌시아 지방 비야호요사 ~)는 스페인의 프로 축구 선수로, 현재 마카비 하이파의 중앙 미드필더이다.","{'word': '호세 로드리게스 마르티네스', 'start_idx': 0, 'end_idx': 13, 'type': 'PER'}","{'word': '마카비 하이파', 'start_idx': 67, 'end_idx': 73, 'type': 'ORG'}",per:employee_of,wikipedia
13212,"장형석(1993년 2월 28일 ~)은 대한민국의 전 리그 오브 레전드 프로게이머로 선수 시절 아이디는 Looper, 포지션은 탑 라이너였다.","{'word': '장형석', 'start_idx': 0, 'end_idx': 2, 'type': 'PER'}","{'word': '1993년 2월 28일', 'start_idx': 4, 'end_idx': 15, 'type': 'DAT'}",per:date_of_birth,wikipedia
8649,2010년 7월 27일 한화 이글스와의 경기에서 훌리오 데폴라를 상대로 홈런을 쳐 냈으나 3회말 강우 콜드로 경기가 노게임이 됐고 2010년 8월 10일 롯데 자이언츠와의 경기에서 이재곤을 상대로 홈런을 쳐 냈으나 1회말 강우 콜드로 노게임이 돼 기록이 무효가 됐다.,"{'word': '이재곤', 'start_idx': 101, 'end_idx': 103, 'type': 'PER'}","{'word': '롯데 자이언츠', 'start_idx': 86, 'end_idx': 92, 'type': 'ORG'}",per:employee_of,wikipedia
23439,"초고왕, 구수왕과의 가족관계 여부 연대차이로 이견이 존재한다.","{'word': '초고왕', 'start_idx': 0, 'end_idx': 2, 'type': 'PER'}","{'word': '구수왕', 'start_idx': 5, 'end_idx': 7, 'type': 'PER'}",per:other_family,wikipedia
10778,"오프화이트는 루이비통의 첫 흑인 수석 디자이너 버질 아블로(Virgil Abloh, 39)가 2013년 설립한 브랜드로 전 세계 밀레니얼 세대에 열풍을 가져온 브랜드로 통한다.","{'word': '오프화이트', 'start_idx': 0, 'end_idx': 4, 'type': 'ORG'}","{'word': '버질 아블로', 'start_idx': 26, 'end_idx': 31, 'type': 'PER'}",org:founded_by,wikitree
8512,한편 모델 강인경(23) 씨와 배우 박서준(박용규·31)도 크리스마스를 기념하는 사진을 올려 주목 받았다.,"{'word': '박서준', 'start_idx': 20, 'end_idx': 22, 'type': 'PER'}","{'word': '박용규', 'start_idx': 24, 'end_idx': 26, 'type': 'PER'}",per:alternate_names,wikitree
7281,"김인문(金仁問, 629년~694년)은 신라의 왕족이자 문무왕 때의 장군 및 정치가이고, 태종무열왕의 둘째 아들이며 문무왕의 친동생이다.","{'word': '태종무열왕', 'start_idx': 49, 'end_idx': 53, 'type': 'PER'}","{'word': '문무왕', 'start_idx': 30, 'end_idx': 32, 'type': 'DAT'}",per:children,wikipedia
31999,"파리 생제르맹 풋볼 클뢰브(Paris Saint-Germain Football Club), 약칭으로 파리 생제르맹(Paris Saint-Germain) 이나 더 줄여서 파리 SG(Paris SG) 혹은 PSG는 프랑스의 수도 파리를 연고로 하는 프로 축구 클럽이다.","{'word': '파리 생제르맹 풋볼 클뢰브', 'start_idx': 0, 'end_idx': 13, 'type': 'ORG'}","{'word': 'Paris Saint-Germain Football Club', 'start_idx': 15, 'end_idx': 47, 'type': 'ORG'}",org:alternate_names,wikipedia
4208,"협약식에는 경남대 전하성 교학부총장과 마산고등학교 문정식 교장을 비롯해 경남대 오건제 공과대학장, 김영훈 공학교육혁신센터장, 마산고 유배열 교감, 손정석 운영위원, 김규영 총동창회 상임부회장, 최영창 총동창회 사무국장 및 관계자가 참석했다.","{'word': '마산고등학교', 'start_idx': 21, 'end_idx': 26, 'type': 'ORG'}","{'word': '유배열', 'start_idx': 74, 'end_idx': 76, 'type': 'PER'}",org:top_members/employees,wikitree
16802,"김혜미 연구원은 “아모레퍼시픽의 매출, 영업이익은 각각 지난해 같은 기간에 비해 6.1%, 32.1% 상승, 이니스프리는 7.7%, 20.9% 감소했다”며 “에뛰드 역시 매출 및 영업이익이 각각 -21.6%, -35억원을 기록해 적자가 지속되고 있다”고 말했다.","{'word': '이니스프리', 'start_idx': 61, 'end_idx': 65, 'type': 'ORG'}","{'word': '아모레퍼시픽', 'start_idx': 10, 'end_idx': 15, 'type': 'ORG'}",no_relation,wikitree
29585,"2008년 6월 오스트레일리아의 언론들은 제이드가 벨기에 주필러 리그의 클럽 브루게 KV 또는 아르메니아 프리미어리그의 FC 미카와 계약할 것이라고 보도하였으나, 단순한 소문이었던 것으로 밝혀졌다.","{'word': '브루게 KV', 'start_idx': 43, 'end_idx': 48, 'type': 'ORG'}","{'word': '벨기에', 'start_idx': 28, 'end_idx': 30, 'type': 'ORG'}",org:place_of_headquarters,wikipedia
19575,더불어민주당 김현권 의원이 국립수산물품질관리원에 받은 자료에 따르면 지난 2014년부터 5년간 수산물 원산지 표시 위반 사례는 모두 349건이었다.,"{'word': '김현권', 'start_idx': 7, 'end_idx': 9, 'type': 'PER'}","{'word': '더불어민주당', 'start_idx': 0, 'end_idx': 5, 'type': 'ORG'}",per:employee_of,wikitree
9414,"'TJB 대전방송' 관계자는 위키트리와 통화에서 해당 사안에 대해 ""말하고 싶지 않다""며 ""법리적인 판단을 받은 것뿐이다""라고 밝혔다.","{'word': '대전방송', 'start_idx': 5, 'end_idx': 8, 'type': 'ORG'}","{'word': 'TJB', 'start_idx': 1, 'end_idx': 3, 'type': 'ORG'}",org:alternate_names,wikitree
1715,"또한 포르투갈어 사용국 공동체(CPLP)의 정회원이며, 2006년부터는 프랑코포니의 참관국이다.","{'word': 'CPLP', 'start_idx': 17, 'end_idx': 20, 'type': 'ORG'}","{'word': '포르투갈어 사용국 공동체', 'start_idx': 3, 'end_idx': 15, 'type': 'POH'}",org:alternate_names,wikipedia
29089,크리스티나 리치(1980년 2월 12일 ~)는 미국의 배우이다.,"{'word': '크리스티나 리치', 'start_idx': 0, 'end_idx': 7, 'type': 'PER'}","{'word': '1980년 2월 12일', 'start_idx': 9, 'end_idx': 20, 'type': 'DAT'}",per:date_of_birth,wikipedia
18580,"특히 기존과 전혀 다른 심플한 디자인에 은은한 무광화이트 톤으로 무장한 쿠쿠 트윈프레셔 2.0 마스터셰프는 라이머-안현모부부와는 물론이고, 우드 톤의 자연주의 컨셉으로 꾸며진 주방 인테리어와도 완벽한 조화를 이루었다는 평가다.","{'word': '안현모', 'start_idx': 64, 'end_idx': 66, 'type': 'PER'}","{'word': '라이머', 'start_idx': 60, 'end_idx': 62, 'type': 'PER'}",per:spouse,wikitree
18391,"우고 차베스 베네수엘라 대통령은 이 협력을 구축하는 것을 “민족 구제의 시작”으로 보고, 중요한 반제국주의 운동이라고 생각한다.","{'word': '우고 차베스', 'start_idx': 0, 'end_idx': 5, 'type': 'PER'}","{'word': '베네수엘라', 'start_idx': 7, 'end_idx': 11, 'type': 'LOC'}",per:place_of_birth,wikipedia
262,"한편 민주의원이 결성된 이날 조선인민당의 여운형, 개신교의 함태영, 유교의 김창숙·정인보, 조소앙은 결석하였다.","{'word': '조선인민당', 'start_idx': 16, 'end_idx': 20, 'type': 'ORG'}","{'word': '여운형', 'start_idx': 23, 'end_idx': 25, 'type': 'PER'}",org:top_members/employees,wikipedia
29954,한국국제대학교의 전신은 1977년 10월 설립된 학교법인 일선학원에 의해 1978년 3월 개교한 진주여자실업전문학교다.,"{'word': '한국국제대학교', 'start_idx': 0, 'end_idx': 6, 'type': 'ORG'}","{'word': '1977년', 'start_idx': 13, 'end_idx': 17, 'type': 'DAT'}",no_relation,wikipedia
10042,2020년에는 대명역 4번 출구 인근에 위치한 신천지예수교 증거장막성전 소속 교회당인 신천지예수교회 다대오지성전이 대구광역시와 경상북도를 중심으로 일어난 대한민국의 코로나19 범유행의 진원지 가운데 하나로 알려지면서 이용객 수가 일시적으로 줄어들기도 했다.,"{'word': '신천지예수교 증거장막성전', 'start_idx': 26, 'end_idx': 38, 'type': 'ORG'}","{'word': '대한민국', 'start_idx': 86, 'end_idx': 89, 'type': 'LOC'}",no_relation,wikipedia
4291,"강경화 외교부 장관이 6일 신종 코로나바이러스 감염증 확산 사태와 관련 중국인 입국 제한을 확대해야 한다는 여론이 이는 것에 대해 “세계보건기구(WHO) 권고와 (입국 제한) 조치 시 효력, 국제사회 동향 등을 감안해야 한다”고 말해 '중국 눈치보기'라는 눈총을 받고 있다.","{'word': '외교부', 'start_idx': 4, 'end_idx': 6, 'type': 'ORG'}","{'word': '강경화', 'start_idx': 0, 'end_idx': 2, 'type': 'PER'}",org:top_members/employees,wikitree
18981,"당시 동양화 전공 교수로는 청전 이상범(李象範, 1897~1972)과 고암 이응노가 있었다.","{'word': '이상범', 'start_idx': 18, 'end_idx': 20, 'type': 'PER'}","{'word': '동양화', 'start_idx': 3, 'end_idx': 5, 'type': 'POH'}",no_relation,wikipedia
14204,한편 김현정은 지난 2005년 SBS 개그맨 공채 8기로 데뷔했다.,"{'word': '김현정', 'start_idx': 3, 'end_idx': 5, 'type': 'PER'}","{'word': '2005년', 'start_idx': 11, 'end_idx': 15, 'type': 'DAT'}",no_relation,wikitree
2265,"이번 체전에서 청주시청은 8개부 48명의 선수들이 출전하여 금메달 4개, 은메달 5개, 동메달 7개 총 16개의 메달을 획득해 충청북도가 원정 경기 최고 성적인 종합순위 6위를 달성하는데 큰 기여를 했다.","{'word': '청주시청', 'start_idx': 8, 'end_idx': 11, 'type': 'ORG'}","{'word': '충청북도', 'start_idx': 71, 'end_idx': 74, 'type': 'LOC'}",org:place_of_headquarters,wikitree
16150,"경기 양평군(군수 정동균)은 지난 19일부터 오는 12월 17일까지 양평군만의 특성을 살린 중간지원조직, 이른바 양평형 공동체센터 설립을 위해 읍면을 순회하면서 주민의 목소리를 들어보는 주민포럼을 진행한다.","{'word': '양평군', 'start_idx': 3, 'end_idx': 5, 'type': 'ORG'}","{'word': '정동균', 'start_idx': 10, 'end_idx': 12, 'type': 'PER'}",org:top_members/employees,wikitree
25218,말레브 헝가리 항공이 2012년에 파산한 후에는 헝가리 정부의 협력으로 부다페스트 리스트 페렌츠 국제공항을 2017년에 허브로 편입했다.,"{'word': '헝가리', 'start_idx': 4, 'end_idx': 6, 'type': 'ORG'}","{'word': '부다페스트', 'start_idx': 40, 'end_idx': 44, 'type': 'LOC'}",no_relation,wikipedia
1577,3일 현재 현재 국회에서 청문보고서가 채택되지 않은 8월 9일 내정된 장관(급) 후보자는 조 후보자 외에 최기영 과학기술정보통신·이정옥 여성가족부 장관과 한상혁 방송통신위원회·조성욱 공정거래위원회·은성수 금융위원회 위원장 후보자 등 5명이 더 있다.,"{'word': '공정거래위원회', 'start_idx': 102, 'end_idx': 108, 'type': 'ORG'}","{'word': '조성욱', 'start_idx': 98, 'end_idx': 100, 'type': 'PER'}",org:top_members/employees,wikitree
4985,1815년 후에 네덜란드가 오라녜나사우가 아래 왕정이 될 때 어떤 위그노 가족들은 귀족적인 속성과 마련되어 왔다.,"{'word': '네덜란드', 'start_idx': 9, 'end_idx': 12, 'type': 'ORG'}","{'word': '1815년', 'start_idx': 0, 'end_idx': 4, 'type': 'DAT'}",no_relation,wikipedia
3538,"세계 최초의 파운드리 기업인 중화민국의 TSMC를 1987년 창업했고, 전 회장을 역임했다.","{'word': 'TSMC', 'start_idx': 22, 'end_idx': 25, 'type': 'ORG'}","{'word': '1987년', 'start_idx': 28, 'end_idx': 32, 'type': 'DAT'}",org:founded,wikipedia
8007,"2014년 1월 24일 오스트레일리아의 날을 기념하기 위해 임다미는 제시카 모보이, 저스티스 크루, 서맨사 제이드과 함께 ""I Am Australian"" 2014년 커버를 발표했다.","{'word': '임다미', 'start_idx': 33, 'end_idx': 35, 'type': 'PER'}","{'word': '오스트레일리아', 'start_idx': 13, 'end_idx': 19, 'type': 'DAT'}",no_relation,wikipedia
32121,"그러나 레버쿠젠은 연패를 하여 마지막에 3연승을 한 보루시아 도르트문트에게 리그 타이틀을 빼앗겼고, DFB-포칼 결승에서 FC 샬케 04에 패하였고, UEFA 챔피언스리그 결승에서 레알 마드리드 CF에 1-2로 패하였다.","{'word': '보루시아 도르트문트', 'start_idx': 29, 'end_idx': 38, 'type': 'ORG'}","{'word': 'FC 샬케 04', 'start_idx': 68, 'end_idx': 75, 'type': 'ORG'}",no_relation,wikipedia
29264,"위키트리뷴은 2017년 4월 위키백과의 공동 설립자인 지미 웨일스가 설립하였으며, 기존의 위키백과와 위키백과를 운영하는 위키미디어 재단과는 독립적인 영리 사이트로 운영된다.","{'word': '위키백과', 'start_idx': 16, 'end_idx': 19, 'type': 'ORG'}","{'word': '지미 웨일스', 'start_idx': 30, 'end_idx': 35, 'type': 'PER'}",org:founded_by,wikipedia
23093,박근혜 대통령의 지시를 받은 조양호 한진해운 회장 겸 평창 동계 올림픽 조직위원회 위원장은 2016년 4월에 김종덕 문화체육관광부 장관과 함께 스위스 출장에 나서게 된다.,"{'word': '한진해운', 'start_idx': 20, 'end_idx': 23, 'type': 'ORG'}","{'word': '조양호', 'start_idx': 16, 'end_idx': 18, 'type': 'PER'}",org:top_members/employees,wikipedia
18852,"이날 신해철 씨 아내 윤원희 씨와 딸 신지유 양, 아들 신동원 군도 이곳을 찾았다.","{'word': '신해철', 'start_idx': 3, 'end_idx': 5, 'type': 'PER'}","{'word': '윤원희', 'start_idx': 12, 'end_idx': 14, 'type': 'PER'}",per:spouse,wikitree
2201,이후 그는 당시 송하진 시장을 지근거리에서 보좌하며 송 시장의 전주시장 재선과 도지사 당선에 있어 공을 세우며 공직에서의 탄탄대로를 걸었다.,"{'word': '송하진', 'start_idx': 9, 'end_idx': 11, 'type': 'PER'}","{'word': '전주시장', 'start_idx': 35, 'end_idx': 38, 'type': 'LOC'}",per:title,wikitree
23964,"2001년 7월 1일 SBS 영재육성 프로젝트로 박진영에게 첫 오디션을 본 지 2567일. 영재로 선정되어 수많은 기대를 모았던 JYP 최장기 연습생 조권이 장장 8년에 걸친 연습시간을 마치고 임슬옹, 정진운, 이창민과 함께 2AM이란 이름으로 처음 선보이게 된 앨범. 8년간 자신을 채찍질한 조권은, 수없이 좌절하면서도 '꿈'을 향해 끊임없이 노력한 3명의 멤버와 함께 2AM의 첫 번째 싱글 앨범 '이 노래'를 준비했다.","{'word': '박진영', 'start_idx': 27, 'end_idx': 29, 'type': 'PER'}","{'word': 'JYP', 'start_idx': 72, 'end_idx': 74, 'type': 'ORG'}",no_relation,wikipedia
27164,"신영수 씨는 결국 큰 맘을 먹고 소개팅에 나갔지만, 한고은 씨에게 가게 종업원으로 오해받았다.","{'word': '한고은', 'start_idx': 29, 'end_idx': 31, 'type': 'PER'}","{'word': '신영수', 'start_idx': 0, 'end_idx': 2, 'type': 'PER'}",no_relation,wikitree
3654,이에 따라 신민당은 5월 10일 운영위원회를 열고 유진산과 양일동 등 운영위원회 부의장들의 사퇴서를 수리하고 김홍일을 신민당 당수 권한대행으로 임명한다.,"{'word': '유진산', 'start_idx': 28, 'end_idx': 30, 'type': 'PER'}","{'word': '신민당', 'start_idx': 66, 'end_idx': 68, 'type': 'ORG'}",per:employee_of,wikipedia
19799,"이날 녹화에는 윤은혜 씨 외에도 통역사 겸 방송인 안현모, 개그맨 이승윤, 의사 겸 방송인 홍혜걸 씨가 출연한다고 전해졌다.","{'word': '안현모', 'start_idx': 28, 'end_idx': 30, 'type': 'PER'}","{'word': '방송인', 'start_idx': 47, 'end_idx': 49, 'type': 'POH'}",per:title,wikitree
21126,"광산구는 운남·우산·첨단2동에 이어 올해 어룡·수완동으로 주민자치회를 확대하고, 단계적으로 21개 동으로 확대하는 등 주민자치회 시범사업 확대·본격화를 민선7기 중요 정책으로 추진하고 있다.","{'word': '광산구', 'start_idx': 0, 'end_idx': 2, 'type': 'ORG'}","{'word': '21개', 'start_idx': 51, 'end_idx': 53, 'type': 'NOH'}",org:number_of_employees/members,wikitree
22507,2019년 2월 2일에는 블라디미르 푸틴 러시아 대통령이 INF 이행 중단을 선언하면서 해당 조약은 2019년 8월 1일을 기해 소멸되었다.,"{'word': '블라디미르 푸틴', 'start_idx': 14, 'end_idx': 21, 'type': 'PER'}","{'word': '러시아', 'start_idx': 23, 'end_idx': 25, 'type': 'LOC'}",per:origin,wikipedia
23564,장제국 총장은 개소식에서 “동서대는 학생 중심의 대학이 되기 위해 굉장한 노력을 하고 있다”며 “학생들의 어떤 고민이든지 한곳에서 통합적으로 관리하고자 해서 솔루션 데스크를 오픈하게 됐다”고 말했다.,"{'word': '동서대', 'start_idx': 15, 'end_idx': 17, 'type': 'ORG'}","{'word': '장제국', 'start_idx': 0, 'end_idx': 2, 'type': 'PER'}",org:top_members/employees,wikitree
14107,"이같은 분위기 속에 민의원은 6월 17일 투표를 실시한 결과 총투표수 133표 중 가 61표, 부 70표, 무효 2표로 곽상훈 의장의 사임을 불허하였다.","{'word': '민의원', 'start_idx': 11, 'end_idx': 13, 'type': 'ORG'}","{'word': '곽상훈', 'start_idx': 67, 'end_idx': 69, 'type': 'PER'}",no_relation,wikipedia
15358,미국의 소리(약칭 VOA)는 전 세계를 상대로 방송하는 미국 정부 국영 국제방송으로서 라디오 및 텔레비전 프로그램을 송출하고 잇다.,"{'word': 'VOA', 'start_idx': 10, 'end_idx': 12, 'type': 'ORG'}","{'word': '미국의 소리', 'start_idx': 0, 'end_idx': 5, 'type': 'POH'}",org:alternate_names,wikipedia
15268,"윌리엄 홀든(본명은 윌리엄 프랭클린 비들 주니어, 1918년 4월 17일 ~ 1981년 11월 12일)은 미국의 배우이다.","{'word': '윌리엄 홀든', 'start_idx': 0, 'end_idx': 5, 'type': 'PER'}","{'word': '1981년 11월 12일', 'start_idx': 43, 'end_idx': 55, 'type': 'DAT'}",per:date_of_death,wikipedia
12201,"이들을 제외한 이해찬 더불어민주당, 황교안 미래통합당 대표 등 각 정당 대표 4명, 홍남기 부총리 들 국무위원 15명, 박상득 보훈처장, 김원웅 광복회장과 광복회 관계자 5명, 배화여고 학생과 관계자 8명 외에 일반인 참석을 최소화했다.","{'word': '황교안', 'start_idx': 20, 'end_idx': 22, 'type': 'PER'}","{'word': '미래통합당', 'start_idx': 24, 'end_idx': 28, 'type': 'ORG'}",per:employee_of,wikitree
32410,"1765년 네덜란드의 레이던 대학교로 유학하였고, 퍼햄 남작 휴 윌로비의 도움으로 런던 왕립학회 회원으로 선출되었다.","{'word': '레이던 대학교', 'start_idx': 12, 'end_idx': 18, 'type': 'ORG'}","{'word': '네덜란드', 'start_idx': 6, 'end_idx': 9, 'type': 'LOC'}",org:place_of_headquarters,wikipedia
10690,1947년 9월 21일 이청천이 단장으로 있는 대동청년단의 총재로 취임하였다.,"{'word': '대동청년단', 'start_idx': 26, 'end_idx': 30, 'type': 'ORG'}","{'word': '1947년', 'start_idx': 0, 'end_idx': 4, 'type': 'DAT'}",no_relation,wikipedia
31362,전북 현대가 7일 전주월드컵경기장에서 열린 하나원큐 K리그 1 2019 19라운드 성남FC와 홈 경기에서 김신욱의 선제골과 후반 교체 투입된 이동국의 쐐기골에 힘입어 성남에 3대1로 승리했다.,"{'word': '전북 현대', 'start_idx': 0, 'end_idx': 4, 'type': 'ORG'}","{'word': '전주월드컵경기장', 'start_idx': 10, 'end_idx': 17, 'type': 'POH'}",no_relation,wikitree
29490,이 순위는 당시 애틀랜타 브레이브스 2루수였던 마커스 자일스와 충돌한 뒤(올스타 게임에서) 선발등판 세 번을 거른 상태에서 나온 것이다.,"{'word': '마커스 자일스', 'start_idx': 26, 'end_idx': 32, 'type': 'PER'}","{'word': '2루수', 'start_idx': 20, 'end_idx': 22, 'type': 'POH'}",per:title,wikipedia
26831,지난 29일 이마트 전자기기 브랜드 일렉트로마트는 게이머들을 위한 특별 할인 이벤트를 준비했다.,"{'word': '일렉트로마트', 'start_idx': 20, 'end_idx': 25, 'type': 'ORG'}","{'word': '이마트', 'start_idx': 7, 'end_idx': 9, 'type': 'ORG'}",org:member_of,wikitree
22593,경기 남양주시(시장 조광한) 진건도서관은 지난 10일 '동화구연 지도사 3급 자격증' 과정 수료식을 가졌다.,"{'word': '진건도서관', 'start_idx': 16, 'end_idx': 20, 'type': 'ORG'}","{'word': '남양주시', 'start_idx': 3, 'end_idx': 6, 'type': 'LOC'}",org:place_of_headquarters,wikitree
16879,1930년대 초 국민당 정부의 외교부장으로 독일에 가서 나치 정권과 아돌프 히틀러와 동맹관계를 유지려고 노력하였으며 장제스와는 계속 대립관계에 있었다.,"{'word': '나치 정권', 'start_idx': 31, 'end_idx': 35, 'type': 'ORG'}","{'word': '아돌프 히틀러', 'start_idx': 38, 'end_idx': 44, 'type': 'PER'}",org:top_members/employees,wikipedia
15338,"사카구치 도모타카(1984년 7월 7일 ~)는 일본의 프로 야구 선수이며, 현재 센트럴 리그인 도쿄 야쿠르트 스왈로스의 소속 선수(외야수)이다.","{'word': '도쿄 야쿠르트 스왈로스', 'start_idx': 53, 'end_idx': 64, 'type': 'ORG'}","{'word': '센트럴 리그', 'start_idx': 45, 'end_idx': 50, 'type': 'ORG'}",org:member_of,wikipedia
8328,"비록 전남 드래곤즈와의 K리그 클래식 4라운드 경기에서는 골을 기록하지 못했으나, 3월 29일에 벌어진 FC 서울과의 K리그 클래식 5라운드 경기에서 전반 7분에 헤딩골을 기록하였다.","{'word': '전남 드래곤즈', 'start_idx': 3, 'end_idx': 9, 'type': 'ORG'}","{'word': 'K리그 클래식', 'start_idx': 13, 'end_idx': 19, 'type': 'POH'}",org:member_of,wikipedia
24232,하와이 왕국의 제3대 국왕인 카메하메하 3세는 1839년에서 1840년에 걸쳐 최초로 하와이어로 된 헌법을 제정하였다.,"{'word': '하와이 왕국', 'start_idx': 0, 'end_idx': 5, 'type': 'ORG'}","{'word': '하와이어', 'start_idx': 48, 'end_idx': 51, 'type': 'POH'}",no_relation,wikipedia
5226,현재는 2017년 데뷔한 판타지오 소속의 걸 그룹 위키미키의 구성원이자 리드보컬을 맡고있다.,"{'word': '위키미키', 'start_idx': 28, 'end_idx': 31, 'type': 'PER'}","{'word': '판타지오', 'start_idx': 14, 'end_idx': 17, 'type': 'ORG'}",per:employee_of,wikipedia
9722,이로써 이홍기는 FT아일랜드 멤버들 가운데 가장 먼저 군에 입대하게 됐다.,"{'word': '이홍기', 'start_idx': 4, 'end_idx': 6, 'type': 'PER'}","{'word': 'FT아일랜드', 'start_idx': 9, 'end_idx': 14, 'type': 'POH'}",per:employee_of,wikitree
15021,한국동서발전(주)(사장 박일준)는 국민권익위원회에서 주관하는 「2019년도 부패방지시책평가」에서 최우수 등급인 1등급 기관으로 선정되어 2년 연속 1등급을 달성하였다고 밝혔다.,"{'word': '한국동서발전', 'start_idx': 0, 'end_idx': 5, 'type': 'ORG'}","{'word': '박일준', 'start_idx': 13, 'end_idx': 15, 'type': 'PER'}",org:top_members/employees,wikitree
20748,"김서라(金曙羅, 김영림, 1968년 1월 29일 ~)는 대한민국의 배우다.","{'word': '김서라', 'start_idx': 0, 'end_idx': 2, 'type': 'PER'}","{'word': '1968년 1월 29일', 'start_idx': 14, 'end_idx': 25, 'type': 'DAT'}",per:date_of_birth,wikipedia
23302,상트페테르부르크의 차르스코예 셀로에 위치한 예카테리나궁에서 알렉산드르 2세 황제와 그의 아내인 마리 폰 헤센다름슈타트 대공녀의 5번째 아들로 태어났다.,"{'word': '알렉산드르 2세', 'start_idx': 33, 'end_idx': 40, 'type': 'PER'}","{'word': '예카테리나', 'start_idx': 24, 'end_idx': 28, 'type': 'POH'}",no_relation,wikipedia
2191,"박언창(朴彦昌, ~929년)은 후삼국 시대때 신라의 제54대 군주인 경명왕의 5남이며, 후사벌의 초대 국왕 (919년 - 929년)이다.","{'word': '박언창', 'start_idx': 0, 'end_idx': 2, 'type': 'PER'}","{'word': '929년', 'start_idx': 10, 'end_idx': 13, 'type': 'DAT'}",per:date_of_death,wikipedia
25255,"기량 문제를 보이면서, 호날두는 2014년 결승전에 상대한 아틀레티코 마드리드와 재회했던 결승전에서 승부차기 주자로 나서 마드리드의 ""11번째"" (La Undécima) 유러피언컵 우승에 공헌했지만, 활약이 변변치 않았다는 평을 받았다.","{'word': '아틀레티코 마드리드', 'start_idx': 33, 'end_idx': 42, 'type': 'ORG'}","{'word': '2014', 'start_idx': 18, 'end_idx': 21, 'type': 'DAT'}",no_relation,wikipedia
7991,광주광역시교육청(교육감 장휘국)은 이날 관내 초‧중‧고‧특수학교장 300여 명이 참석한 가운데 위더스 광주에서 ‘교육현장 일재잔재 조사 및 청산 사업 성과보고회’를 열었다.,"{'word': '광주광역시', 'start_idx': 0, 'end_idx': 4, 'type': 'ORG'}","{'word': '장휘국', 'start_idx': 13, 'end_idx': 15, 'type': 'PER'}",org:top_members/employees,wikitree
3651,"마지막 해였던 1999년에는 신인 지명자들 중 1차 지명한 군산상업고등학교 외야수 이진영만 계약하고 2차 1순위로 지명한 한양대학교 투수 라형진은 삼성 라이온즈에 지명권을 양도하였으며, 다른 선수들 중 몇몇 대학 진학 선수들을 제외한 고졸 지명 선수들과는 계약하지 않을 정도로 운영난을 보였다.","{'word': '라형진', 'start_idx': 77, 'end_idx': 79, 'type': 'PER'}","{'word': '1999년', 'start_idx': 8, 'end_idx': 12, 'type': 'DAT'}",no_relation,wikipedia
6353,대한민국 제1공화국(大韓民國第一共和國)은 대한민국 제헌 헌법에 의해 1948년 8월 15일 이승만 정부가 수립되어 1960년 4·19 혁명으로 대한민국 제2공화국이 탄생하기 전까지 지속된 첫 번째 공화 헌정 체제이다.,"{'word': '대한민국 제1공화국', 'start_idx': 0, 'end_idx': 9, 'type': 'ORG'}","{'word': '이승만', 'start_idx': 51, 'end_idx': 53, 'type': 'PER'}",org:top_members/employees,wikipedia
22960,"이후 구 공화당계와 유신정우회계 인사들은 김종철, 이만섭을 중심으로 한국국민당을 조직하였으나 박정희에 대한 부정적인 인식 및 구 3공화국 유신 인사들에 대한 부정축재 혐의 처벌 등으로 충청도와 수도권 일부, 전국구 몇 석에만 의존하여 6월 항쟁으로 신군부가 막을 내리기 이전까지 명맥을 유지하였다.","{'word': '한국국민당', 'start_idx': 38, 'end_idx': 42, 'type': 'ORG'}","{'word': '김종철', 'start_idx': 23, 'end_idx': 25, 'type': 'PER'}",org:top_members/employees,wikipedia
19016,"또 FT아일랜드 최민환은 라붐 출신 율희와 2018년 자녀를 먼저 출산한 뒤 결혼했고, 엠블랙 출신 지오는 배우 최예슬과 결혼 전 동거를 먼저 알렸죠.","{'word': '최민환', 'start_idx': 9, 'end_idx': 11, 'type': 'PER'}","{'word': 'FT아일랜드', 'start_idx': 2, 'end_idx': 7, 'type': 'PER'}",per:employee_of,wikitree
6448,전남과학대학교(총장 이은철)는 28일 오후4~7시까지 광주 김대중컨벤션센터 다목적홀에서 2019 산학EXPO를 개최했다.,"{'word': '전남과학대학', 'start_idx': 0, 'end_idx': 5, 'type': 'ORG'}","{'word': '이은철', 'start_idx': 11, 'end_idx': 13, 'type': 'PER'}",org:top_members/employees,wikitree
25203,"세인트폴은 연합 주도가 되었고, 미니애폴리스에는 미네소타 대학이, 스틸 워터는 미네소타 준주 교도소로 선정되었다.","{'word': '미네소타 대학', 'start_idx': 27, 'end_idx': 33, 'type': 'ORG'}","{'word': '미니애폴리스', 'start_idx': 18, 'end_idx': 23, 'type': 'LOC'}",org:place_of_headquarters,wikipedia
30340,가수 MC몽(신동현)이 '코로나19' 극복을 위해 총 3000만 원을 기부했다고 스포티비뉴스가 30일 보도했다.,"{'word': 'MC몽', 'start_idx': 3, 'end_idx': 5, 'type': 'PER'}","{'word': '신동현', 'start_idx': 7, 'end_idx': 9, 'type': 'PER'}",per:alternate_names,wikitree
13251,"1915년, 물리학상 수상자 윌리엄 로런스 브래그(당시 25세, 아버지 윌리엄 헨리 브래그와 공동 수상, 과학 분야 최연소 수상자)로 과학 분야에서는 지금도 최연소 수상자로 기록되어 있다.","{'word': '윌리엄 로런스 브래그', 'start_idx': 16, 'end_idx': 26, 'type': 'PER'}","{'word': '윌리엄 헨리 브래그', 'start_idx': 40, 'end_idx': 49, 'type': 'PER'}",per:parents,wikipedia
974,"1980년 5월 18일 광주민주화운동의 시기에는 19~23일 초기 5일 동안 무사설(無社說)로 저항하였고, 1987년 박종철 고문 사건 연속 특종보도로 6월민주항쟁을 촉발시켰으며 1987, 1992년 선거 당시 김대중 성향을 보임에 따라서 김영삼 정부 때까지 대표적인 야당지로 구분됐다.","{'word': '김대중', 'start_idx': 118, 'end_idx': 120, 'type': 'PER'}","{'word': '1987년', 'start_idx': 60, 'end_idx': 64, 'type': 'DAT'}",no_relation,wikipedia
29439,"임블리 쏘리는 ""부건 측은 임지현 씨를 고소하라""며 ""매출 감소의 원인은 제가 아니라 임지현 씨""라고 말했다.","{'word': '임블리', 'start_idx': 0, 'end_idx': 2, 'type': 'PER'}","{'word': '임지현', 'start_idx': 15, 'end_idx': 17, 'type': 'PER'}",no_relation,wikitree
31184,하이트진로(대표 김인규)가 발렌타인데이와 화이트데이를 맞아 특별한 의미가 있는 사랑의 와인 선물을 준비했다고 11일 밝혔다.,"{'word': '하이트진로', 'start_idx': 0, 'end_idx': 4, 'type': 'ORG'}","{'word': '김인규', 'start_idx': 9, 'end_idx': 11, 'type': 'PER'}",org:top_members/employees,wikitree
10827,"에르제(Hergé, 1907년 5월 22일 ~ 1983년 3월 3일)는 벨기에 브뤼셀 출신의 만화가다.","{'word': '에르제', 'start_idx': 0, 'end_idx': 2, 'type': 'PER'}","{'word': '1983년 3월 3일', 'start_idx': 26, 'end_idx': 36, 'type': 'DAT'}",per:date_of_death,wikipedia
9950,사태를 바로잡기 위해 부왕 후안 2세의 지원속에 총신 알바로 데 루나가 나섰으나 이에 불만을 품고 권력욕이 강했던 인판테 엔리케(1440~1445)가 1420년 7월에 쿠데타를 일으켰다.,"{'word': '알바로 데 루나', 'start_idx': 30, 'end_idx': 37, 'type': 'PER'}","{'word': '후안 2세', 'start_idx': 15, 'end_idx': 19, 'type': 'PER'}",per:colleagues,wikipedia
29790,"타이틀곡 '아이씨'는 JYP 수장 박진영이 처음으로 ITZY를 위해 작사, 작곡에 참여한 곡으로 기대를 모은다.","{'word': '박진영', 'start_idx': 19, 'end_idx': 21, 'type': 'PER'}","{'word': 'JYP', 'start_idx': 12, 'end_idx': 14, 'type': 'ORG'}",per:employee_of,wikitree
17044,"영암군(군수 전동평)이 코로나19 확산으로 위축된 지역경제의 피해를 최소화 하고자 지역경제 위기극복을 위하여 ‘소상공인 지원대책’, ‘지역경제 활성화 대책’, ‘취약계층 지원대책’등 3개 분야로 추진한다.","{'word': '영암군', 'start_idx': 0, 'end_idx': 2, 'type': 'ORG'}","{'word': '전동평', 'start_idx': 7, 'end_idx': 9, 'type': 'PER'}",org:top_members/employees,wikitree
32256,"밴드 FT아일랜드 멤버 이홍기 씨가 군 입대 소식을 전한 가운데, 그가 동생과 주고받은 문자 내용을 공개했다.","{'word': '이홍기', 'start_idx': 13, 'end_idx': 15, 'type': 'PER'}","{'word': 'FT아일랜드', 'start_idx': 3, 'end_idx': 8, 'type': 'PER'}",per:employee_of,wikitree
23806,"다른 은행과의 거래의 경우 조흥은행은 은행명지점번호4자리를 인자하고, 신한은행의 경우 은행명만 인자하였으나 통합 후에는 은행명지점번호(2~4자리)를 인자한다.","{'word': '조흥은행', 'start_idx': 15, 'end_idx': 18, 'type': 'ORG'}","{'word': '신한은행', 'start_idx': 39, 'end_idx': 42, 'type': 'ORG'}",no_relation,wikipedia
20510,해당 법안은 국회 과학기술정보방송통신위원회의 위원장인 노웅래 의원과 교육위원회 위원장인 이찬열 의원(바른미래당)이 함께 공동발의한 법안으로 향후 본회의 통과 여부가 주목된다.,"{'word': '과학기술정보방송통신위원회', 'start_idx': 10, 'end_idx': 22, 'type': 'ORG'}","{'word': '노웅래', 'start_idx': 30, 'end_idx': 32, 'type': 'PER'}",org:top_members/employees,wikipedia
13581,2010년 10월 하이트 스파키즈가 CJ 엔투스에 흡수 합병되면서 하이트 엔투스(현 CJ 엔투스) 소속이 되었다.,"{'word': '하이트 스파키즈', 'start_idx': 10, 'end_idx': 17, 'type': 'ORG'}","{'word': '2010년 10월', 'start_idx': 0, 'end_idx': 8, 'type': 'DAT'}",org:dissolved,wikipedia
31226,"그러나, 러시아가 폴란드방면으로 적극 진출하고, 프랑스가 네덜란드를 함락(1795년 1월)하자 프로이센은 프랑스와 화해하는 길을 택하였다.","{'word': '프로이센', 'start_idx': 53, 'end_idx': 56, 'type': 'ORG'}","{'word': '러시아', 'start_idx': 5, 'end_idx': 7, 'type': 'ORG'}",no_relation,wikipedia
29828,2016년 12월 9일 박근혜 대통령 탄핵 소추가 가결되어 2017년 5월 9일까지 대통령 권한대행을 맡아 문재인 정부가 출범한 2017년 5월 10일까지 대통령 권한대행을 맡았다.,"{'word': '문재인', 'start_idx': 60, 'end_idx': 62, 'type': 'PER'}","{'word': '2017년 5월 10일', 'start_idx': 72, 'end_idx': 83, 'type': 'DAT'}",no_relation,wikipedia
19093,2012년 12월 29일에 도호쿠 라쿠텐 골든이글스와 1년 계약에 합의한 것이 발표되면서 요코하마 시절인 2005년 이후 8년 만에 일본 야구계로 복귀하게 됐다.,"{'word': '도호쿠 라쿠텐 골든이글스', 'start_idx': 15, 'end_idx': 27, 'type': 'ORG'}","{'word': '2005년', 'start_idx': 59, 'end_idx': 63, 'type': 'DAT'}",no_relation,wikipedia
5223,화순열린도서관 ‘월간 원데이클래스’에 관한 자세한 사항은 화순열린도서관 누리집(참고하거나 화순군 도서관팀(061-379-3956)(061-379-3956)에 문의하면 된다.,"{'word': '화순열린도서관', 'start_idx': 0, 'end_idx': 6, 'type': 'ORG'}","{'word': '화순군', 'start_idx': 50, 'end_idx': 52, 'type': 'ORG'}",org:place_of_headquarters,wikitree
4958,2013년 4월에는 서울중앙지방법원과 서울고등법원을 관할하는 서울법원조정센터 상임조정위원과 센터장을 맡았다.,"{'word': '서울중앙지방법원', 'start_idx': 11, 'end_idx': 18, 'type': 'ORG'}","{'word': '서울고등법원', 'start_idx': 21, 'end_idx': 26, 'type': 'ORG'}",org:members,wikipedia
30627,"이시찬(李禔澯, 1985년 2월 25일 ~)은 KBO 리그 전 한화 이글스의 내야수이다.","{'word': '이시찬', 'start_idx': 0, 'end_idx': 2, 'type': 'PER'}","{'word': '1985년 2월 25일', 'start_idx': 9, 'end_idx': 20, 'type': 'DAT'}",per:date_of_birth,wikipedia
19662,"2019년 10월 9일 강용석, 김세의가 운영하는 유튜브 채널인 가로세로연구소가 ""오거돈 부산광역시장이 여성 공무원을 성추행했다""며 미투 의혹을 제기했으나 다음 날 ""근거 없는 허위사실을 유포해 부산시장과 개인의 명예를 훼손한 유튜버 3명에 대해 모두 5억 원의 손해배상청구 소송을 제기했다""고 밝히면서 모두 8명의 변호사를 동원해 '가짜뉴스 척결을 위한 변호인단'(단장 조성제 변호사)을 꾸려 부산지방검찰청과 부산지방법원에 각각 고소장과 손해배상소송 소장을 제출했다.","{'word': '강용석', 'start_idx': 13, 'end_idx': 15, 'type': 'PER'}","{'word': '변호사', 'start_idx': 177, 'end_idx': 179, 'type': 'POH'}",no_relation,wikipedia
15180,1940년 동생 유평파와 함께 한국 광복군에 입대했으며 광복군사령부의 군의처장(軍醫處長)을 역임했다.,"{'word': '유평파', 'start_idx': 9, 'end_idx': 11, 'type': 'PER'}","{'word': '한국 광복군', 'start_idx': 17, 'end_idx': 22, 'type': 'ORG'}",per:employee_of,wikipedia
4563,"문 대통령은 25일 오후 대구시청 상황실에서 권영진 대구시장, 유은혜 사회부총리 겸 교육부 장관, 진영 행정안전부 장관, 박능후 보건복지부 장관 등이 참석한 가운데 대구지역 특별대책회의를 열었다.","{'word': '박능후', 'start_idx': 68, 'end_idx': 70, 'type': 'PER'}","{'word': '보건복지부 장관', 'start_idx': 72, 'end_idx': 79, 'type': 'ORG'}",per:title,wikitree
30818,"시청자(문자 투표 참여자)들로 구성된 '프듀X 진상규명위원회'는 이날 성명을 내 ""수사기관의 브리핑과 언론 보도가 연일 이어지고 있음에도 불구하고 아직 CJ ENM의 이렇다 할 사과나 실체적 진실 규명에 대한 의지가 보이지 않는 것을 시청자로서 어떻게 받아들여야 하느냐""고 지적했다.","{'word': '프듀X 진상규명위원회', 'start_idx': 22, 'end_idx': 32, 'type': 'ORG'}","{'word': 'CJ ENM', 'start_idx': 85, 'end_idx': 90, 'type': 'ORG'}",no_relation,wikitree
16816,아사쿠라 타케시는 가면라이더 오자로 변신하는 사디스트적인 범죄자이다.,"{'word': '아사쿠라 타케시', 'start_idx': 0, 'end_idx': 7, 'type': 'PER'}","{'word': '가면라이더', 'start_idx': 10, 'end_idx': 14, 'type': 'POH'}",per:title,wikipedia
22063,"이 밖에 조소앙 조봉암 이시영 이범석 장택상 임영신 장덕수(2회씩), 안재홍 김창숙 이철승 유진오 박헌영 조병옥 조규식(1회씩)이 각각 추천을 받았다.","{'word': '안재홍', 'start_idx': 39, 'end_idx': 41, 'type': 'PER'}","{'word': '이시영', 'start_idx': 13, 'end_idx': 15, 'type': 'PER'}",no_relation,wikipedia
24568,광양시(시장 정현복)는 지난 28일 신종 코로나바이러스 감염병 위기경보가 ‘경계’ 단계로 격상함에 따라 김명원 광양부시장을 본부장으로 ‘신종 코로나바이러스 감염증 방역대책본부’를 4개팀과 15개 협업부서로 확대 운영한다고 밝혔다.,"{'word': '감염증', 'start_idx': 87, 'end_idx': 89, 'type': 'ORG'}","{'word': '감염병', 'start_idx': 31, 'end_idx': 33, 'type': 'POH'}",org:alternate_names,wikitree
6599,"최시형(1827년 ~ 1898년)은 조선 시대의 종교인, 교육자, 사상가이자 동학의 제2대 교주이다.","{'word': '최시형', 'start_idx': 0, 'end_idx': 2, 'type': 'PER'}","{'word': '1827년', 'start_idx': 4, 'end_idx': 8, 'type': 'DAT'}",per:date_of_birth,wikipedia
17238,"오는 8월 2일 오후 6시 광주광역시 동구 중앙로160번길 22 광주아트홀에서 열리는 이번 대학밴드 공연에는, 호남대학교 ‘블랙베어&큐피드(Black bear& Qupid)’, 전남대학교 ‘맥킨토쉬(Mackintosh)’, 조선대학교 ‘판스피엠(PAN’s PM)’ 등 3개 대학교에서 활동 중인 밴드 동아리 3팀이 참가해 공연을 펼친다.","{'word': '조선대학교', 'start_idx': 125, 'end_idx': 129, 'type': 'ORG'}","{'word': '광주광역시 동구', 'start_idx': 15, 'end_idx': 22, 'type': 'LOC'}",no_relation,wikitree
6875,1949년 5월 4일 토리노는 SL 벤피카와의 친선경기를 마치고 비행기편으로 리스본을 출발하여 귀국하던 도중 탑승한 비행기가 수페르가 언덕으로 추락했다.,"{'word': 'SL 벤피카', 'start_idx': 17, 'end_idx': 22, 'type': 'ORG'}","{'word': '리스본', 'start_idx': 43, 'end_idx': 45, 'type': 'LOC'}",no_relation,wikipedia
15794,"그 결과 SS-HA는 대폭 감축당했고 친위대 지도본부(SS-FHA), 국가보안본부(RSHA)만한 위세를 누리지는 못하게 되었다.","{'word': 'SS-HA', 'start_idx': 5, 'end_idx': 9, 'type': 'ORG'}","{'word': '친위대', 'start_idx': 21, 'end_idx': 23, 'type': 'ORG'}",no_relation,wikipedia
16313,"POSMEG 사업은 인천항만공사가 인천광역시, 인천지방해양수산청, 한국남동발전, 한국지역난방공사, 참여 중소기업과 협의체를 구성하여 산업통상자원부에서 공모한 '2019년 지역에너지신산업 활성화 지원사업'에 선정되어 2019년 말까지 해양의 유휴자원을 활용하여 해상태양광과 에너지저장장치(ESS)를 통해 친환경에너지를 생산‧저장하고 부두에 정박한 선박에 육상전원공급장치(AMP)를 통해 공급하는 자립 지능형 소규모 전력망이다.","{'word': '한국남동발전', 'start_idx': 37, 'end_idx': 42, 'type': 'ORG'}","{'word': '산업통상자원부', 'start_idx': 74, 'end_idx': 80, 'type': 'ORG'}",no_relation,wikitree
15953,소노다 역은 일본 효고현 아마가사키시에 있는 한큐 전철 고베 본선의 역이다.,"{'word': '한큐 전철', 'start_idx': 25, 'end_idx': 29, 'type': 'ORG'}","{'word': '효고현', 'start_idx': 10, 'end_idx': 12, 'type': 'LOC'}",org:place_of_headquarters,wikipedia
2272,"조현아(趙顯娥, 1974년 10월 5일 ~)는 대한항공 부사장을 지낸 대한민국의 기업인이다.","{'word': '조현아', 'start_idx': 0, 'end_idx': 2, 'type': 'PER'}","{'word': '1974년 10월 5일', 'start_idx': 9, 'end_idx': 20, 'type': 'DAT'}",per:date_of_birth,wikipedia
15306,"1920년 10월초 석농 유근이 출옥하자, 출옥한 유근을 동아일보 주필로 추대하였다.","{'word': '동아일보', 'start_idx': 32, 'end_idx': 35, 'type': 'ORG'}","{'word': '1920년', 'start_idx': 0, 'end_idx': 4, 'type': 'DAT'}",no_relation,wikipedia
4263,"2017년 4월 7일, 더불어민주당이 고용정보원에서 제출한 자료를 기반으로 자체 작성한 고용정보원 Q&A를 통해 문재인 대선후보의 아들 채용 특혜 논란에 대해 해명했다.","{'word': '문재인', 'start_idx': 63, 'end_idx': 65, 'type': 'PER'}","{'word': '더불어민주당', 'start_idx': 13, 'end_idx': 18, 'type': 'ORG'}",per:employee_of,wikipedia
1114,"알베르트 아인슈타인이 보낸 편지를 계기로 1942년에 미국에서 맨해튼 계획이 실시되자, 슬로틴 또한 여기에 선발되어 미국 뉴멕시코주의 로스 앨러모스에 위치한 로스 앨러모스 국립 연구소의 연구원이 되었다.","{'word': '로스 앨러모스', 'start_idx': 88, 'end_idx': 94, 'type': 'ORG'}","{'word': '뉴멕시코주', 'start_idx': 68, 'end_idx': 72, 'type': 'LOC'}",org:place_of_headquarters,wikipedia
16539,"따라서 지단은 비센테 델 보스케와 7대회 우승으로 레알 마드리드 역사상 3번째로 가장 많은 대회를 우승한 감독이 되었고, 루이스 몰로니보다 1개 대회를 덜 우승했으며, 미겔 무뇨스보다는 무려 7대회 우승을 덜 했다.","{'word': '미겔 무뇨스', 'start_idx': 94, 'end_idx': 99, 'type': 'PER'}","{'word': '레알 마드리드', 'start_idx': 28, 'end_idx': 34, 'type': 'ORG'}",per:employee_of,wikipedia
32376,조선대학교 건축학과 5학년 안진선(여·25)학생이 최근 농림축산식품부(농식품부)와 한국농촌건축학회에서 공동 주최한 ‘2019 제14회 한국농촌건축대전’에서 '가야에 가야하는 곳'으로 대상(농식품부 장관상)을 차지해 화제가 되고 있다.,"{'word': '농림축산식품부', 'start_idx': 31, 'end_idx': 37, 'type': 'ORG'}","{'word': '농식품부', 'start_idx': 39, 'end_idx': 42, 'type': 'ORG'}",org:alternate_names,wikitree
16721,아베크는 1894년부터 괴팅겐 대학교에서 발터 네른스트의 개인 조수로 근무했으며 1897년부터 브레슬라우 대학교(현재의 폴란드 브로츠와프 대학교)에서 화학 교수로 근무했다.,"{'word': '브로츠와프 대학교', 'start_idx': 71, 'end_idx': 79, 'type': 'ORG'}","{'word': '폴란드', 'start_idx': 67, 'end_idx': 69, 'type': 'ORG'}",org:place_of_headquarters,wikipedia
29499,"라스 울리히(1963년 12월 26일 ~)는 덴마크 출신의 뮤지션, 작곡가, 배우, 레코드 프로듀서이다.","{'word': '라스 울리히', 'start_idx': 0, 'end_idx': 5, 'type': 'PER'}","{'word': '1963년 12월 26일', 'start_idx': 7, 'end_idx': 19, 'type': 'DAT'}",per:date_of_birth,wikipedia
29021,"공사는 경기도건설본부에서 시행하고, 양주시는 보상 업무를 위임받아 시행할 예정으로 11월 보상계획 공고 후 보상 협의를 착수, 내년 초 착공에 들어갈 계획이다.","{'word': '양주시', 'start_idx': 20, 'end_idx': 22, 'type': 'ORG'}","{'word': '경기도', 'start_idx': 4, 'end_idx': 6, 'type': 'ORG'}",org:member_of,wikitree
20496,"그러나 코제트를 만나기도 전에 경감 자베르는 장 발장의 진짜 정체를 알아차리고, 자베르에게 벗어난 장 발장은 코제트를 찾아 테나르디에 부부를 찾아간다.","{'word': '장 발장', 'start_idx': 55, 'end_idx': 58, 'type': 'PER'}","{'word': '테나르디에', 'start_idx': 69, 'end_idx': 73, 'type': 'PER'}",no_relation,wikipedia
13798,"로라 진 리즈 위더스푼(1976년 3월 22일 ~)은 미국의 배우, 영화 제작자이다.","{'word': '리즈 위더스푼', 'start_idx': 5, 'end_idx': 11, 'type': 'PER'}","{'word': '배우, 영화 제작자', 'start_idx': 34, 'end_idx': 43, 'type': 'POH'}",per:title,wikipedia
14577,곡성군(군수 유근기)이 곡성읍에 소재한 공동주택 청암센트럴빌을 곡성군 금연아파트 제3호로 지정했다.,"{'word': '곡성군', 'start_idx': 0, 'end_idx': 2, 'type': 'ORG'}","{'word': '유근기', 'start_idx': 7, 'end_idx': 9, 'type': 'PER'}",org:top_members/employees,wikitree
23003,또 지난 8일 박유천은 오후 동생 박유환이 운영하는 트위치 라이브에 깜짝 출연했다.,"{'word': '박유천', 'start_idx': 8, 'end_idx': 10, 'type': 'PER'}","{'word': '동생 박유환', 'start_idx': 16, 'end_idx': 21, 'type': 'POH'}",per:siblings,wikitree
10467,2014년 8월 2일 LG전에서 코리 리오단을 상대로 이종범 이후 무려 17년만에 역대 2번째 유격수 30홈런을 달성했다.,"{'word': '이종범', 'start_idx': 30, 'end_idx': 32, 'type': 'PER'}","{'word': '유격수', 'start_idx': 53, 'end_idx': 55, 'type': 'POH'}",per:title,wikipedia
8856,함평군은 30일 군청 소회의실에서 물 전문기관인 환경부 산하 한국수자원공사(K-water)와 지방상수도 현대화사업 위․수탁 협약을 체결했다고 밝혔다.,"{'word': '한국수자원공사', 'start_idx': 34, 'end_idx': 40, 'type': 'ORG'}","{'word': '환경부', 'start_idx': 27, 'end_idx': 29, 'type': 'ORG'}",org:member_of,wikitree
14117,1943년에 미국 육군 항공대에 입대하였으며 제2차 세계 대전에 대위로 참전하여 통계적관리 부서에서 일을 한다.,"{'word': '미국 육군 항공대', 'start_idx': 7, 'end_idx': 15, 'type': 'ORG'}","{'word': '제2차 세계 대전', 'start_idx': 25, 'end_idx': 33, 'type': 'POH'}",no_relation,wikipedia
14338,"바이에른 뮌헨의 서포터는 주로 중산층으로 구성되어 있으며, 서포터는 평균 200km가 넘는 먼 원정길을 따라가야 함에도 불구하고 바이에른의 알리안츠 아레나 홈경기는 항상 매진이다.","{'word': '바이에른 뮌헨', 'start_idx': 0, 'end_idx': 6, 'type': 'ORG'}","{'word': '알리안츠 아레나', 'start_idx': 78, 'end_idx': 85, 'type': 'LOC'}",no_relation,wikipedia
3521,"토르스텐 핑크(Thorsten Fink, 1967년 10월 29일, 노르트라인베스트팔렌주 도르트문트 ~)는 은퇴한 독일의 축구 선수이자 축구 감독이다.","{'word': '토르스텐 핑크', 'start_idx': 0, 'end_idx': 6, 'type': 'PER'}","{'word': 'Thorsten Fink', 'start_idx': 8, 'end_idx': 20, 'type': 'PER'}",per:alternate_names,wikipedia
20099,본명은 파울 모리츠 바르부르크로 독일 함부르크에서 성공적인 유대인 은행업 가족에게 태어났다.,"{'word': '파울 모리츠 바르부르크', 'start_idx': 4, 'end_idx': 15, 'type': 'PER'}","{'word': '독일 함부르크', 'start_idx': 18, 'end_idx': 24, 'type': 'LOC'}",per:place_of_birth,wikipedia
19291,김춘진(더불어민주당) 예비후보가 28일 오전 지지자들과 함께 전북도의회에서 기자회견을 갖고 제21대 국회의원선거 출마 의사를 전하고 있다.,"{'word': '김춘진', 'start_idx': 0, 'end_idx': 2, 'type': 'PER'}","{'word': '더불어민주당', 'start_idx': 4, 'end_idx': 9, 'type': 'ORG'}",per:employee_of,wikitree
5015,베르더 브레멘에서 활약하는 동안 1992년 UEFA 컵위너스컵 우승을 비롯하여 두 번의 분데스리가 우승과 두 번의 DFB-포칼 우승을 이끌었다.,"{'word': '분데스리가', 'start_idx': 49, 'end_idx': 53, 'type': 'ORG'}","{'word': 'UEFA', 'start_idx': 24, 'end_idx': 27, 'type': 'POH'}",no_relation,wikipedia
14340,2001년 친정팀 KIA 타이거즈에 복귀했으며 2011년 은퇴를 선언했다.,"{'word': 'KIA 타이거즈', 'start_idx': 10, 'end_idx': 17, 'type': 'ORG'}","{'word': '2011년', 'start_idx': 26, 'end_idx': 30, 'type': 'DAT'}",no_relation,wikitree
7086,"자는 중권(仲權)이며, 하후연(夏侯淵)의 차남(연의에서는 하후연의 장남). 백부는 하후돈(夏侯惇)이다.","{'word': '하후돈', 'start_idx': 46, 'end_idx': 48, 'type': 'PER'}","{'word': '하후연', 'start_idx': 32, 'end_idx': 34, 'type': 'PER'}",per:other_family,wikipedia
30595,"FIFA 집행위원회는 2010년 12월 2일 스위스 취리히에 위치한 FIFA 본부에서 실시된 위원들의 투표를 통해 2018년 월드컵 개최국으로 러시아를, 2022년 월드컵 개최국으로 카타르를 선정했다.","{'word': 'FIFA', 'start_idx': 0, 'end_idx': 3, 'type': 'ORG'}","{'word': '스위스 취리히', 'start_idx': 25, 'end_idx': 31, 'type': 'LOC'}",org:place_of_headquarters,wikipedia
29771,이날 행사에는 여영국 국회의원과 창원시의회 이찬호 의장이 내빈으로 참석하여 자리를 빛내주었다.,"{'word': '창원시', 'start_idx': 18, 'end_idx': 20, 'type': 'ORG'}","{'word': '여영국', 'start_idx': 8, 'end_idx': 10, 'type': 'PER'}",no_relation,wikitree
21094,"손선지(孫善智, 1820년 ~ 1866년 12월 13일)는 조선의 천주교 박해 때에 순교한 한국 천주교의 103위 성인 중에 한 사람이다.","{'word': '손선지', 'start_idx': 0, 'end_idx': 2, 'type': 'PER'}","{'word': '1866년 12월 13일', 'start_idx': 17, 'end_idx': 29, 'type': 'DAT'}",per:date_of_death,wikipedia
24422,14일 고창군에 따르면 이날 유기상 군수는 다른 일정을 최소화한 채 대책회의를 주재했다.,"{'word': '고창군', 'start_idx': 4, 'end_idx': 6, 'type': 'ORG'}","{'word': '유기상', 'start_idx': 16, 'end_idx': 18, 'type': 'PER'}",org:top_members/employees,wikitree
4047,"공격형 미드필더는 정승원 선수가 맡고, 맹성우 선수, 원두재 선수가 수비형 미드필더를 맡는다.","{'word': '정승원', 'start_idx': 10, 'end_idx': 12, 'type': 'PER'}","{'word': '미드필더', 'start_idx': 4, 'end_idx': 7, 'type': 'POH'}",per:title,wikitree
11160,"제6보병사단(第六步兵師團, 별명: 청성부대)는 1948년 11월 20일에 창설된 대한민국 육군의 보병사단이다.","{'word': '제6보병사단', 'start_idx': 0, 'end_idx': 5, 'type': 'ORG'}","{'word': '청성부대', 'start_idx': 19, 'end_idx': 22, 'type': 'ORG'}",org:alternate_names,wikipedia
21400,"《리틀 로망스》(""A Little Romance"")는 1979년에 개봉된 조지 로이 힐 감독, 로런스 올리비에, 텔로니우스 베르나르, 다이앤 레인 주연의 미국의 로맨틱 코미디 영화로, 다이앤 레인의 데뷔작이기도 하다.","{'word': '다이앤 레인', 'start_idx': 75, 'end_idx': 80, 'type': 'PER'}","{'word': '1979년', 'start_idx': 30, 'end_idx': 34, 'type': 'DAT'}",no_relation,wikipedia
11556,"한나라는 여기에 요동군(遼東郡)을 설치하였는데, 313년에 고구려의 미천왕이 한사군을 몰아내고 402년에 광개토대왕이 요동을 점령함으로써 고구려의 영토가 되었다. 고구려는 요양에 요동성을 쌓고 한족(漢族)과 북방 민족을 방어하는 요새지로 삼았다.","{'word': '미천왕', 'start_idx': 38, 'end_idx': 40, 'type': 'PER'}","{'word': '고구려', 'start_idx': 77, 'end_idx': 79, 'type': 'DAT'}",per:origin,wikipedia
9604,"매니지먼트 숲 소속 배우로는 공유, 공효진, 김재욱, 서현진, 전도연, 정유미, 최우식, 수지 등이 있다.","{'word': '전도연', 'start_idx': 35, 'end_idx': 37, 'type': 'PER'}","{'word': '매니지먼트 숲', 'start_idx': 0, 'end_idx': 6, 'type': 'ORG'}",per:employee_of,wikitree
30644,"아이치 현립 니시오히가시 고등학교에 재학할 당시 현 대회에서 노히트 노런을 기록했고 마지막이자 여름 대회인 전국 고등학교 야구 선수권 아이치현 대회 4차전에서 팀은 패배했다. 고교 졸업 후 아이치 대학에 진학하여 아이치 대학 리그에서는 1학년부터 외야수의 주전으로서 출전, 타자로서 리그 통산 101경기 출전해 384타수 124안타, 타율 3할 2푼 3리, 9홈런, 64타점을 기록했다.","{'word': '니시오', 'start_idx': 7, 'end_idx': 9, 'type': 'ORG'}","{'word': '아이치현', 'start_idx': 75, 'end_idx': 78, 'type': 'POH'}",org:place_of_headquarters,wikipedia
7490,그는 “골프장이 쩌렁쩌렁 울릴 정도로 저에게 그렇게 크게 고함을 지르는 모습을 보면서 저분(전두환·이순자 부부)들은 결코 변하지 않는구나 (생각했다)”라고 덧붙였다.,"{'word': '이순자', 'start_idx': 55, 'end_idx': 57, 'type': 'PER'}","{'word': '전두환', 'start_idx': 51, 'end_idx': 53, 'type': 'PER'}",per:spouse,wikitree
27424,윤승아-김무열 부부는 데일리룩으로 A부터 Z까지 모든 것을 맞춰 입는 커플룩을 선택하지 않았다.,"{'word': '김무열', 'start_idx': 4, 'end_idx': 6, 'type': 'PER'}","{'word': '윤승아', 'start_idx': 0, 'end_idx': 2, 'type': 'PER'}",per:spouse,wikitree
29053,1997년 창단한 대전시티즌은 창단 초기 대전과 충청기업들이 컨소시엄을 형성해 출범했지만 경영 악화 등으로 기업들이 잇따라 포기를 선언하면서 2006년부터 시민구단으로 재출범했다.,"{'word': '대전시티즌', 'start_idx': 10, 'end_idx': 14, 'type': 'ORG'}","{'word': '1997년', 'start_idx': 0, 'end_idx': 4, 'type': 'DAT'}",org:founded,wikitree
10689,"뒤이어 베테랑들의 영입이 줄을 이었는데, 1월 2일 수원 삼성 블루윙즈의 미드필더 고차원을 FA로 영입하였다.","{'word': '고차원', 'start_idx': 46, 'end_idx': 48, 'type': 'PER'}","{'word': '미드필더', 'start_idx': 41, 'end_idx': 44, 'type': 'POH'}",per:title,wikipedia
12619,존 메이저의 뒤를 이어 보수당은 윌리엄 헤이그가 대표에 취임한다.,"{'word': '존 메이저', 'start_idx': 0, 'end_idx': 4, 'type': 'PER'}","{'word': '보수당', 'start_idx': 13, 'end_idx': 15, 'type': 'ORG'}",per:employee_of,wikipedia
26590,"잘 알려진 20세기의 건축가 르 코르뷔지에는 이상적인 건축과 단순한 건설의 차이에 대해 ""너는 돌과 나무와 콘크리트를 구해서 이 물질들로 네가 집들과 궁전들을 짓는다. 이것이 건설이다. 하지만 갑자기 네가 나를 감동시킨다. 나는 행복해지고 '이것은 정말 아름답다. 이것이 건축이다.'라고 말한다.""고 썼다.","{'word': '르 코르뷔지에', 'start_idx': 16, 'end_idx': 22, 'type': 'PER'}","{'word': '건축가', 'start_idx': 12, 'end_idx': 14, 'type': 'POH'}",per:title,wikipedia
3312,"2002년 2월 22일 오전 10시 30분경, 경부선 수원역 장내에서 철도청(현 한국철도공사) 소속 모터카가 신호 대기중인 107편성 전동차와 추돌해 선두차 1014호가 크게 파손되고, 인접한 5량 객차에도 심한 피해를 입었다.","{'word': '한국철도공사', 'start_idx': 45, 'end_idx': 50, 'type': 'ORG'}","{'word': '경부선', 'start_idx': 26, 'end_idx': 28, 'type': 'POH'}",no_relation,wikipedia
16507,"신승선과 중모현주의 아들로, 세종대왕 이도의 4남인 임영대군 이구의 외손이자 연산군의 처남이며, 중종의 장인이다.","{'word': '임영대군', 'start_idx': 29, 'end_idx': 32, 'type': 'PER'}","{'word': '세종대왕', 'start_idx': 16, 'end_idx': 19, 'type': 'PER'}",per:parents,wikipedia
12082,"이를 두고 정 대표는 ""국토부가 입법예고한 분양가심사위원회 개혁을 위한 주택법 시행령이 분양가심사위원회의 투명성과 전문성을 강화하겠다는 김현미 국토교통부 장관의 주장과 엇박자가 났다""고 지난 8일 강도높게 비판했다.","{'word': '국토교통부', 'start_idx': 80, 'end_idx': 84, 'type': 'ORG'}","{'word': '김현미', 'start_idx': 76, 'end_idx': 78, 'type': 'PER'}",org:top_members/employees,wikitree
30425,"무스타파 페브지 차크마크(Mustafa Fevzi Çakmak, 1876년 1월 12일 ~ 1950년 4월 12일)는 터키의 군인 (원수), 총리를 지낸 인물로, 무스타파 케말 아타튀르크 (Mustafa Kemal Atatürk)의 전우 (戰友) 였다.","{'word': '무스타파 케말 아타튀르크', 'start_idx': 91, 'end_idx': 103, 'type': 'PER'}","{'word': 'Mustafa Kemal Atatürk', 'start_idx': 106, 'end_idx': 126, 'type': 'PER'}",per:alternate_names,wikipedia
1711,"지난 21일 방송된 MBN 예능 프로그램 '자연스럽게'에서는 유동근, 전인화, 김종민, 조병규 씨가 앉아 이야기를 나누는 모습이 그려졌다.","{'word': '유동근', 'start_idx': 34, 'end_idx': 36, 'type': 'PER'}","{'word': '전인화', 'start_idx': 39, 'end_idx': 41, 'type': 'PER'}",no_relation,wikitree
24310,한국남동발전(사장 유향열)과 한국에너지공단(이사장 김창섭)은 19일 서울 밀레니엄 힐튼호텔에서 분산에너지 신기술 활성화를 위한 업무협약을 체결했다.,"{'word': '한국남동발전', 'start_idx': 0, 'end_idx': 5, 'type': 'ORG'}","{'word': '유향열', 'start_idx': 10, 'end_idx': 12, 'type': 'PER'}",org:top_members/employees,wikitree
21964,김종인은 2020년 발간된 그의 회고록 '영원한 권력은 없다'에서 더불어민주당 비상대책위원회 대표를 맡았던 2016년 총선 당시 문재인을 직접 만나 본 경험을 회고해 '인간적인 배신감마저 느꼈다. 이런 건 정치 도의를 떠나 기본적인 인성의 문제다'라며 문재인을 평가하였다.,"{'word': '더불어민주당', 'start_idx': 37, 'end_idx': 42, 'type': 'ORG'}","{'word': '2016년', 'start_idx': 60, 'end_idx': 64, 'type': 'DAT'}",no_relation,wikipedia
9088,"2013년 K리그 챌린지 최종 순위는 4위로, 상주 상무나 경찰 축구단, 그리고 클래식에서 강등된 광주를 제외한 팀들 가운데서는 가장 높은 순위를 차지했다.","{'word': '상주 상무', 'start_idx': 26, 'end_idx': 30, 'type': 'ORG'}","{'word': '2013', 'start_idx': 0, 'end_idx': 3, 'type': 'DAT'}",no_relation,wikipedia
10261,"한편, 중화인민공화국의 마오쩌둥은 베트남과 인도네시아 당대표 및 북조선의 최용건이 참석한 가운데 ""아시아 지역 혁명에 대해 논의""에서 대한민국에서 무장 게릴라 봉기를 일으키라고 강요했다.","{'word': '마오쩌둥', 'start_idx': 13, 'end_idx': 16, 'type': 'PER'}","{'word': '중화인민공화국', 'start_idx': 4, 'end_idx': 10, 'type': 'LOC'}",per:origin,wikipedia
22479,네아 살라미스 파마구스타 FC는 키프로스의 파마구스타에 있는 프로 축구팀이다.,"{'word': '네아 살라미스 파마구스타 FC', 'start_idx': 0, 'end_idx': 15, 'type': 'ORG'}","{'word': '키프로스', 'start_idx': 18, 'end_idx': 21, 'type': 'LOC'}",org:place_of_headquarters,wikipedia
5286,"구소련이 붕괴하고 우크라이나가 친미 노선을 발표하면서 유즈노예와 폴료트는 결별하게 되었는데, 폴료트 기계국은 현재 흐루니체프의 계열사이다.","{'word': '유즈노예', 'start_idx': 30, 'end_idx': 33, 'type': 'PER'}","{'word': '우크라이나', 'start_idx': 10, 'end_idx': 14, 'type': 'LOC'}",no_relation,wikipedia
20136,2년차인 이듬해 1987년에는 팀을 젊게 만들겠다고 공언하는 다카다 시게루 감독의 방침도 있어서 전년도까지 주전이었던 다카시로 노부히로와 입단 동기이자 프로 야구 드래프트 1순위인 히로세 데쓰로를 대신해서 유격수로서 경기에 기용됐다.,"{'word': '다카다 시게루', 'start_idx': 34, 'end_idx': 40, 'type': 'PER'}","{'word': '1순위', 'start_idx': 96, 'end_idx': 98, 'type': 'NOH'}",no_relation,wikipedia
11689,"윈난 정원(Yunnan Garden, 雲南園)) 캠퍼스는 경치로 유명하며, 싱가포르 시 중심에서 남서쪽으로 25km 떨어져 있다. 1986년에 캠퍼스가 부분 완성되었으며, 일본인 건축가 단게 겐조(丹下健三)가 설계한 곳이다. 200만m(200 헥타르)의 넓은 대지에 위치한 학교는 '가든(Garden)’ 캠퍼스라는 표현처럼 ‘정원’이 연상된다. 지붕에 잔디를 얹은 예술디자인미디어대학(미대 건물은 예술성과 친환경적인 컨셉트를 절묘하게 조화시킨 건물로 잘 알려져 있다.","{'word': '단게 겐조', 'start_idx': 104, 'end_idx': 108, 'type': 'PER'}","{'word': '건축가', 'start_idx': 100, 'end_idx': 102, 'type': 'POH'}",per:title,wikipedia
24612,"한국 전쟁이 발발한지 3일째 되는 날, 조선인민군의 공세에 밀려 한강 이남으로 철수한 육군 본부는 1950년 6월 28일, 수도를 지키기 위해 한강 방어선을 구축할 목적으로 경기도 시흥군 동면(지금의 서울특별시 금천구)에서 임시로 시흥지구전투사령부(始興地區戰鬪司令部)를 창설하였다.","{'word': '시흥지구전투사령부', 'start_idx': 129, 'end_idx': 137, 'type': 'ORG'}","{'word': '한국 전쟁', 'start_idx': 0, 'end_idx': 4, 'type': 'POH'}",no_relation,wikipedia
3740,"켄달 제너(본명: 켄달 니콜 제너, 1995년 11월 3일 ~)는 미국의 방송인, 모델이다.","{'word': '켄달 제너', 'start_idx': 0, 'end_idx': 4, 'type': 'PER'}","{'word': '켄달 니콜 제너', 'start_idx': 10, 'end_idx': 17, 'type': 'PER'}",per:alternate_names,wikipedia
8151,그밖에도 그는 자신이 가난한 가정에서 면학하였으므로 일부 고학생들의 장학금을 후원하다가 친동생인 백인엽과 함께 인천광역시에 소재해 있는 인천대학교를 비롯한 선인재단의 여러 사립학교를 설립과 운영하였다.,"{'word': '백인엽', 'start_idx': 54, 'end_idx': 56, 'type': 'PER'}","{'word': '인천광역시', 'start_idx': 62, 'end_idx': 66, 'type': 'LOC'}",no_relation,wikipedia
21035,"한국인삼공사(韓國人蔘公社, KGC인삼공사)는 1999년에 KT&G의 자회사로 설립되어 홍삼, 홍삼제품을 제조, 판매하는 기업이다.","{'word': '한국인삼공사', 'start_idx': 0, 'end_idx': 5, 'type': 'ORG'}","{'word': 'KT&G', 'start_idx': 32, 'end_idx': 35, 'type': 'ORG'}",org:member_of,wikipedia
22515,"헌덕왕(憲德王, ~ 826년, 809년 ~ 826년)은 신라의 제41대 왕이다.","{'word': '헌덕왕', 'start_idx': 0, 'end_idx': 2, 'type': 'PER'}","{'word': '809년 ~ 826년', 'start_idx': 17, 'end_idx': 27, 'type': 'DAT'}",no_relation,wikipedia
6804,"1988-89 시즌과 1989-90 시즌에 피스톤즈를 우승으로 이끌었으며, 선수 생활 은퇴 후에 토론토 랩터스 단장, 텔레비전 해설자, 인디애나 페이서스와 뉴욕 닉스의 감독을 지내왔다.","{'word': '뉴욕 닉스', 'start_idx': 87, 'end_idx': 91, 'type': 'ORG'}","{'word': '1989', 'start_idx': 12, 'end_idx': 15, 'type': 'DAT'}",no_relation,wikipedia
17151,"단경왕후 신씨의 친정 조카이자, 연산군의 왕비였던 폐비 신씨의 친정 종손자가 도니다.","{'word': '연산군', 'start_idx': 18, 'end_idx': 20, 'type': 'PER'}","{'word': '폐비 신씨', 'start_idx': 28, 'end_idx': 32, 'type': 'POH'}",per:spouse,wikipedia
21872,"2017년 6월 새누리당의 정광용파에 의하여 제명이 결정되었고, 2017년 7월 정미홍, 변희재, 허평환 등과 함께 새누리당을 탈당하여 대한애국당을 창당하였다.","{'word': '정광용', 'start_idx': 15, 'end_idx': 17, 'type': 'PER'}","{'word': '새누리당', 'start_idx': 9, 'end_idx': 12, 'type': 'ORG'}",per:employee_of,wikipedia
13407,"2000년 OFK 베오그라드로 이적하여 활약하였으며, 2002년 러시아 프리미어리그의 FC 디나모 모스크바로 팀을 옮긴 뒤 FC 크릴리야 소베토프 사마라 FC 테레크 그로즈니 등 러시아 무대에서 활약하였다.","{'word': 'FC 크릴리야 소베토프 사마라', 'start_idx': 69, 'end_idx': 84, 'type': 'ORG'}","{'word': '러시아 프리미어리그', 'start_idx': 36, 'end_idx': 45, 'type': 'LOC'}",org:member_of,wikipedia
13611,공화당 소속인 그는 2008년 미국 대통령 선거에서는 민주당의 버락 오바마 후보 지지를 선언하여 눈길을 끌었다.,"{'word': '버락 오바마', 'start_idx': 35, 'end_idx': 40, 'type': 'PER'}","{'word': '민주당', 'start_idx': 30, 'end_idx': 32, 'type': 'ORG'}",per:employee_of,wikipedia
13838,카롤링거 왕조는 파리의 백작이자 프랑스의 공작인 위그 카페가 왕위에 오른 987년까지 프랑스를 통치했다.,"{'word': '카페가', 'start_idx': 30, 'end_idx': 32, 'type': 'PER'}","{'word': '987년', 'start_idx': 41, 'end_idx': 44, 'type': 'DAT'}",no_relation,wikipedia
24217,"시와 고양시사회적경제기업협의회(회장 이기훈)가 함께한 대형 유통망 진출은 사회적경제 활성화를 위한 노력의 결실로서, 경기도 최초로 롯데마트 고양점과 롯데백화점 일산점에서 상설 매장을 오픈하여 고객접점확대와 매출증대라는 두 마리 토끼를 모두 잡은 바 있다.","{'word': '고양시', 'start_idx': 3, 'end_idx': 5, 'type': 'ORG'}","{'word': '경기도', 'start_idx': 65, 'end_idx': 67, 'type': 'LOC'}",org:place_of_headquarters,wikitree
23735,역사가들은 페르난도 2세와 이사벨 1세의 스페인 종교재판 추진의 이유를 다음과 같이 분석하고 있다.,"{'word': '이사벨 1세', 'start_idx': 15, 'end_idx': 20, 'type': 'PER'}","{'word': '페르난도 2세', 'start_idx': 6, 'end_idx': 12, 'type': 'PER'}",no_relation,wikipedia
13063,"2007년에 설립된 백블레이즈의 자본금은 총 5,300,000 달러로 상승한다.","{'word': '백블레이즈', 'start_idx': 11, 'end_idx': 15, 'type': 'ORG'}","{'word': '2007년', 'start_idx': 0, 'end_idx': 4, 'type': 'DAT'}",org:founded,wikipedia
8633,그리고 1956년 4월 네팔 중앙은행이 설립되면서 네팔 루피의 지폐 발행을 담당하게 되었다.,"{'word': '네팔 중앙은행', 'start_idx': 13, 'end_idx': 19, 'type': 'ORG'}","{'word': '1956년', 'start_idx': 4, 'end_idx': 8, 'type': 'DAT'}",org:founded,wikipedia
14631,"조동섭(趙東燮, 1959년 9월 1일 ~)은 조선민주주의인민공화국의 축구 감독으로, 2011년부터 조선민주주의인민공화국 U-20 축구 국가대표팀의 감독을 맡고 있다.","{'word': '조동섭', 'start_idx': 0, 'end_idx': 2, 'type': 'PER'}","{'word': '조선민주주의인민공화국', 'start_idx': 55, 'end_idx': 65, 'type': 'ORG'}",per:origin,wikipedia
20458,"역사가들은 율리우스 카이사르가 종신 독재관에 오른 기원전 44년, 마르쿠스 안토니우스가 악티움 해전에서 패배한 기원전 31년, 로마 원로원이 아우구스투스에게 특별한 권력을 부여한 기원전 27년 등을 로마 공화국이 종식된 시점으로 제시한다.","{'word': '율리우스 카이사르', 'start_idx': 6, 'end_idx': 14, 'type': 'PER'}","{'word': '아우구스투스', 'start_idx': 79, 'end_idx': 84, 'type': 'PER'}",no_relation,wikipedia
12152,"498년에 공물과 세금을 바치지 않는 탐라국(지금의 제주도)을 친히 정벌하고자 무진주(武珍州: 지금의 광주)에 이르렀다가, 탐라국의 항복을 받고 그만두면서 탐라국을 복속시켰다.","{'word': '탐라국', 'start_idx': 69, 'end_idx': 71, 'type': 'ORG'}","{'word': '제주도', 'start_idx': 29, 'end_idx': 31, 'type': 'LOC'}",org:alternate_names,wikipedia
29049,"최치원(857년~)은 유교·불교·도교에 깊은 이해를 지닌 신라 말기 대학자로, 한국 인문학의 시조로 여겨지고 있다.","{'word': '최치원', 'start_idx': 0, 'end_idx': 2, 'type': 'PER'}","{'word': '857년', 'start_idx': 4, 'end_idx': 7, 'type': 'DAT'}",per:date_of_birth,wikitree
32344,한국남동발전(사장 유향열)은 12일 정부세종컨벤션센터에서 열린‘2019년 인사혁신 우수사례 경진대회’에서 국무총리상(은상)을 수상했다고 13일 밝혔다.,"{'word': '한국남동발전', 'start_idx': 0, 'end_idx': 5, 'type': 'ORG'}","{'word': '유향열', 'start_idx': 10, 'end_idx': 12, 'type': 'PER'}",org:top_members/employees,wikitree
11482,이어 킹스턴에 위치한 자메이카전력공사 본사를 방문하여 CEO 및 경영진으로부터 사업 현황과 '19년 주요 경영성과를 보고 받았다.,"{'word': '자메이카', 'start_idx': 12, 'end_idx': 15, 'type': 'ORG'}","{'word': '킹스턴', 'start_idx': 3, 'end_idx': 5, 'type': 'LOC'}",org:members,wikitree
31511,"이후 2007년, 대한민국 축구 국가대표팀의 코치로 자리를 옮겼으며 허정무감독을 보좌하며 2010년 FIFA 월드컵 본선 진출에 공헌했으며 본선 무대에 참가했다.","{'word': '허정무', 'start_idx': 38, 'end_idx': 40, 'type': 'PER'}","{'word': '대한민국 축구 국가대표팀', 'start_idx': 10, 'end_idx': 22, 'type': 'ORG'}",per:employee_of,wikipedia
24298,신아영 아나운서가 텔레그램 n번방과 관련한 장문의 심경을 전했다.,"{'word': '신아영', 'start_idx': 0, 'end_idx': 2, 'type': 'PER'}","{'word': '아나운서', 'start_idx': 4, 'end_idx': 7, 'type': 'POH'}",per:title,wikitree
2469,"정강왕 사후 진성여왕 원년(887년)과 4년(890년), 7년(893년)에 각각 《쌍계사진감선사대공탑비》, 《성주사낭혜화상백월보광탑비》, 《봉암사지증대사적조탑비》 등을 각각 지었다.","{'word': '진성여왕', 'start_idx': 7, 'end_idx': 10, 'type': 'PER'}","{'word': '정강왕', 'start_idx': 0, 'end_idx': 2, 'type': 'PER'}",no_relation,wikipedia
29336,이날 코믹콘에서 마블 스튜디오의 수장 케빈 파이기(Kevin Feige)가 영화 '이터널스'의 주연 배우들을 직접 공개했다.,"{'word': '마블 스튜디오', 'start_idx': 9, 'end_idx': 15, 'type': 'ORG'}","{'word': '케빈 파이기', 'start_idx': 21, 'end_idx': 26, 'type': 'PER'}",org:top_members/employees,wikitree
116,전 축구선수 안정환(44) 씨 아내 이혜원(40) 씨가 때아닌 뭇매를 맞고 있다.,"{'word': '이혜원', 'start_idx': 20, 'end_idx': 22, 'type': 'PER'}","{'word': '안정환', 'start_idx': 7, 'end_idx': 9, 'type': 'PER'}",per:spouse,wikitree
2968,"가수 볼빨간사춘기 멤버 안지영, 우지윤 씨가 음원 사재기를 하는 사람들에게 일침 했다.","{'word': '안지영', 'start_idx': 13, 'end_idx': 15, 'type': 'PER'}","{'word': '볼빨간사춘기', 'start_idx': 3, 'end_idx': 8, 'type': 'PER'}",per:employee_of,wikitree
127,"공무원연금공단(이사장 정남준)은 지역사회가 한데 어우러져 소통하는 기회를 마련하고자 15일 공단 제주본사에서 ""다 같이! 더 가치! 상생 2019"" 행사를 열었다.","{'word': '공무원연금공단', 'start_idx': 0, 'end_idx': 6, 'type': 'ORG'}","{'word': '정남준', 'start_idx': 12, 'end_idx': 14, 'type': 'PER'}",org:top_members/employees,wikitree
29980,"18일 스포츠서울에 따르면 하정우 씨 소속사 워크하우스컴퍼니는 ""하정우는 얼굴 부위 흉터 때문에 지난해 1월 25일부터 9월까지 9~10회 레이저 치료를 받았다. 치료를 받을 때 원장의 판단에 따라 수면마취를 시행한 것이 전부다. 프로포폴을 상습 투약한 것은 아니다""라고 밝혔다.","{'word': '하정우', 'start_idx': 15, 'end_idx': 17, 'type': 'PER'}","{'word': '워크하우스컴퍼니', 'start_idx': 25, 'end_idx': 32, 'type': 'ORG'}",per:employee_of,wikitree
2068,"로웰은 1995년 뉴욕 양키스에 의하여 드래프트 되었고, 결국적으로 1998년 시즌 동안 양키스와 함께 자신의 메이저 리그 베이스볼 데뷔를 하였다.","{'word': '뉴욕 양키스', 'start_idx': 10, 'end_idx': 15, 'type': 'ORG'}","{'word': '1995', 'start_idx': 4, 'end_idx': 7, 'type': 'DAT'}",no_relation,wikipedia
19549,광주여자대학교(총장 이선재) 치위생학과 4학년 학생들이 지난 2일 단국대학교(천안캠퍼스)에서 열린 '2019년 한국치위생학회 종합학술대회'에서 학생 학술연구 포스터 발표 우수상과 장려상을 수상했다.,"{'word': '광주여자대', 'start_idx': 0, 'end_idx': 4, 'type': 'ORG'}","{'word': '이선재', 'start_idx': 11, 'end_idx': 13, 'type': 'PER'}",org:top_members/employees,wikitree
21398,노지훈은 1990년 7월 12일 인천광역시에서 태어났다.,"{'word': '노지훈', 'start_idx': 0, 'end_idx': 2, 'type': 'PER'}","{'word': '1990년 7월 12일', 'start_idx': 5, 'end_idx': 16, 'type': 'DAT'}",per:date_of_birth,wikipedia
12981,"2009-10년 UEFA 유로파리그의 우승 팀인 아틀레티코 마드리드는 2010-11년 UEFA 챔피언스리그에 진출하지 못하였기 때문에, 이번 시즌의 조별리그 참가가 확정되었다.","{'word': '아틀레티코 마드리드', 'start_idx': 27, 'end_idx': 36, 'type': 'ORG'}","{'word': '2009-10', 'start_idx': 0, 'end_idx': 6, 'type': 'DAT'}",no_relation,wikipedia
17331,신라대학교는 재단법인인 박영학원이 1954년 부산여자대숙을 설립한 데 이어 1964년에 부산여자초급대학을 설립하면서 부산지역 최초의 여성 고등교육기관 으로 시작하였다.,"{'word': '신라대학교', 'start_idx': 0, 'end_idx': 4, 'type': 'ORG'}","{'word': '박영학원', 'start_idx': 13, 'end_idx': 16, 'type': 'ORG'}",org:member_of,wikipedia
5984,스위스 베른에서 특허국 직원으로 일하던 알베르트 아인슈타인은 1905년 특수 상대성이론을 제창하였다.,"{'word': '알베르트 아인슈타인', 'start_idx': 22, 'end_idx': 31, 'type': 'PER'}","{'word': '스위스', 'start_idx': 0, 'end_idx': 2, 'type': 'LOC'}",per:place_of_residence,wikipedia
